id,marque,modele,annee,kilometrage,prix,carburant,transmission,couleur,ville,typeVendeur,datePublication,description
1,Tesla,Model 3,2019,88219,45999,ELECTRIQUE,AUTOMATIQUE,Blanc,Calgary,PARTICULIER,2026-01-19,"A vendre Tesla Model 3 2019, 88 219 km au compteur. 100% electrique, zero emission avec transmission automatique, tres fiable pour la conduite hivernale canadienne. Couleur blanc, aucun accident rapporte. Disponible a Calgary. Prix demande: 45 999 $."
2,Porsche,Cayenne,2019,46538,78995,ESSENCE,AUTOMATIQUE,Noir,Montreal,PARTICULIER,2025-12-25,"Cette Porsche Cayenne 2019 (46 538 km) est en excellent etat. Carburant: a essence, transmission automatique, couleur noir. Vehicule non accidente, deuxieme proprietaire. Localisation: Montreal. Prix affiche: 78 995 $ CAD, faire une offre."
3,Ford,Escape,2022,500,48109,HYBRIDE,MANUELLE,Argent,Calgary,CONCESSIONNAIRE,2025-10-15,"Superbe Ford Escape 2022 en excellente condition, 500 km. Entretien regulier effectue, carnet complet disponible. Vehicule hybride, faible consommation, transmission manuelle. Interieur propre et non-fumeur. Idealement situe a Calgary. Prix: 48 109 $ CAD, negociable."
4,Volvo,XC60,2020,47090,46880,ESSENCE,AUTOMATIQUE,Gris,Montreal,CONCESSIONNAIRE,2025-10-28,"Occasion a saisir: Volvo XC60 2020, seulement 47 090 km. Vehicule a essence, transmission automatique, entretien fait chez le concessionnaire. Pneus quatre saisons inclus, parfait pour le climat de Montreal. Prix: 46 880 $."
5,Mazda,CX-5,2019,48214,28999,ESSENCE,AUTOMATIQUE,Noir,Montreal,CONCESSIONNAIRE,2025-11-28,"Cette Mazda CX-5 2019 (48 214 km) est en excellent etat. Carburant: a essence, transmission automatique, couleur noir. Vehicule non accidente, deuxieme proprietaire. Localisation: Montreal. Prix affiche: 28 999 $ CAD, faire une offre."
6,Honda,Accord,2019,56684,36999,ESSENCE,AUTOMATIQUE,Noir,Toronto,CONCESSIONNAIRE,2025-11-18,"A vendre Honda Accord 2019, 56 684 km au compteur. A essence avec transmission automatique, tres fiable pour la conduite hivernale canadienne. Couleur noir, aucun accident rapporte. Disponible a Toronto. Prix demande: 36 999 $."
7,BMW,2,2015,111000,34995,ESSENCE,MANUELLE,Noir,Toronto,CONCESSIONNAIRE,2025-12-25,"Superbe BMW 2 2015 en excellente condition, 111 000 km. Entretien regulier effectue, carnet complet disponible. Vehicule a essence, transmission manuelle. Interieur propre et non-fumeur. Idealement situe a Toronto. Prix: 34 995 $ CAD, negociable."
8,Tesla,Model 3,2020,86603,52395,ELECTRIQUE,AUTOMATIQUE,Gris,Ottawa,CONCESSIONNAIRE,2025-09-23,"A vendre Tesla Model 3 2020, 86 603 km au compteur. 100% electrique, zero emission avec transmission automatique, tres fiable pour la conduite hivernale canadienne. Couleur gris, aucun accident rapporte. Disponible a Ottawa. Prix demande: 52 395 $."
9,Hyundai,Elantra,2020,153000,18999,ESSENCE,MANUELLE,Argent,Mississauga,CONCESSIONNAIRE,2025-10-26,"Hyundai Elantra 2020 de couleur argent, 153 000 km, en tres bon etat mecanique et esthetique. Moteur a essence, transmission manuelle. Inspection recente reussie. Vendeur situe a Mississauga. Prix: 18 999 $ CAD."
10,Nissan,LEAF,2019,71937,27188,ELECTRIQUE,AUTOMATIQUE,Gris,Toronto,CONCESSIONNAIRE,2025-06-24,"Nissan LEAF 2019 de couleur gris, 71 937 km, en tres bon etat mecanique et esthetique. Moteur 100% electrique, zero emission, transmission automatique. Inspection recente reussie. Vendeur situe a Toronto. Prix: 27 188 $ CAD."
11,Jeep,Wrangler,2023,500,59980,ESSENCE,MANUELLE,Bleu,Calgary,CONCESSIONNAIRE,2026-03-10,"Jeep Wrangler 2023 de couleur bleu, 500 km, en tres bon etat mecanique et esthetique. Moteur a essence, transmission manuelle. Inspection recente reussie. Vendeur situe a Calgary. Prix: 59 980 $ CAD."
12,Honda,Pilot,2018,186000,27999,ESSENCE,AUTOMATIQUE,Bordeaux,Toronto,CONCESSIONNAIRE,2026-02-21,"A vendre Honda Pilot 2018, 186 000 km au compteur. A essence avec transmission automatique, tres fiable pour la conduite hivernale canadienne. Couleur bordeaux, aucun accident rapporte. Disponible a Toronto. Prix demande: 27 999 $."
13,Jeep,Wrangler,2023,500,66825,HYBRIDE,MANUELLE,Blanc,Gatineau,CONCESSIONNAIRE,2025-08-26,"A vendre Jeep Wrangler 2023, 500 km au compteur. Hybride, faible consommation avec transmission manuelle, tres fiable pour la conduite hivernale canadienne. Couleur blanc, aucun accident rapporte. Disponible a Gatineau. Prix demande: 66 825 $."
14,Kia,Soul,2018,70122,25990,ELECTRIQUE,AUTOMATIQUE,Vert,Calgary,PARTICULIER,2026-08-02,"Cette Kia Soul 2018 (70 122 km) est en excellent etat. Carburant: 100% electrique, zero emission, transmission automatique, couleur vert. Vehicule non accidente, deuxieme proprietaire. Localisation: Calgary. Prix affiche: 25 990 $ CAD, faire une offre."
15,Ford,Fusion,2019,76000,27550,HYBRIDE,MANUELLE,Blanc,Montreal,CONCESSIONNAIRE,2026-02-26,"Cette Ford Fusion 2019 (76 000 km) est en excellent etat. Carburant: hybride, faible consommation, transmission manuelle, couleur blanc. Vehicule non accidente, deuxieme proprietaire. Localisation: Montreal. Prix affiche: 27 550 $ CAD, faire une offre."
16,Chrysler,Pacifica,2019,63856,36998,ESSENCE,AUTOMATIQUE,Blanc,Surrey,PARTICULIER,2026-08-10,"Cette Chrysler Pacifica 2019 (63 856 km) est en excellent etat. Carburant: a essence, transmission automatique, couleur blanc. Vehicule non accidente, deuxieme proprietaire. Localisation: Surrey. Prix affiche: 36 998 $ CAD, faire une offre."
17,Audi,Q3,2021,46926,42495,ESSENCE,AUTOMATIQUE,Bleu,Vancouver,PARTICULIER,2026-06-02,"A vendre Audi Q3 2021, 46 926 km au compteur. A essence avec transmission automatique, tres fiable pour la conduite hivernale canadienne. Couleur bleu, aucun accident rapporte. Disponible a Vancouver. Prix demande: 42 495 $."
18,BMW,X5,2021,32856,73900,HYBRIDE,AUTOMATIQUE,Gris,Montreal,CONCESSIONNAIRE,2026-05-05,"BMW X5 2021 de couleur gris, 32 856 km, en tres bon etat mecanique et esthetique. Moteur hybride, faible consommation, transmission automatique. Inspection recente reussie. Vendeur situe a Montreal. Prix: 73 900 $ CAD."
19,Mazda,CX-5,2023,500,33450,ESSENCE,AUTOMATIQUE,Noir,Halifax,CONCESSIONNAIRE,2026-01-30,"Cette Mazda CX-5 2023 (500 km) est en excellent etat. Carburant: a essence, transmission automatique, couleur noir. Vehicule non accidente, deuxieme proprietaire. Localisation: Halifax. Prix affiche: 33 450 $ CAD, faire une offre."
20,Chevrolet,Silverado,2023,500,78768,ESSENCE,AUTOMATIQUE,Blanc,Montreal,CONCESSIONNAIRE,2026-03-12,"A vendre Chevrolet Silverado 2023, 500 km au compteur. A essence avec transmission automatique, tres fiable pour la conduite hivernale canadienne. Couleur blanc, aucun accident rapporte. Disponible a Montreal. Prix demande: 78 768 $."
21,Mercedes-Benz,GLE350,2016,139509,29998,DIESEL,AUTOMATIQUE,Gris,Ottawa,CONCESSIONNAIRE,2026-07-26,"Superbe Mercedes-Benz GLE350 2016 en excellente condition, 139 509 km. Entretien regulier effectue, carnet complet disponible. Vehicule diesel, economique en carburant, transmission automatique. Interieur propre et non-fumeur. Idealement situe a Ottawa. Prix: 29 998 $ CAD, negociable."
22,Tesla,Model S,2022,21000,86500,ELECTRIQUE,AUTOMATIQUE,Blanc,Vancouver,CONCESSIONNAIRE,2026-03-14,"Superbe Tesla Model S 2022 en excellente condition, 21 000 km. Entretien regulier effectue, carnet complet disponible. Vehicule 100% electrique, zero emission, transmission automatique. Interieur propre et non-fumeur. Idealement situe a Vancouver. Prix: 86 500 $ CAD, negociable."
23,Honda,Civic,2012,129487,13995,ESSENCE,MANUELLE,Gris,Calgary,CONCESSIONNAIRE,2026-06-25,"Occasion a saisir: Honda Civic 2012, seulement 129 487 km. Vehicule a essence, transmission manuelle, entretien fait chez le concessionnaire. Pneus quatre saisons inclus, parfait pour le climat de Calgary. Prix: 13 995 $."
24,Volvo,XC90 Recharge,2020,47206,57520,HYBRIDE_RECHARGEABLE,AUTOMATIQUE,Bleu,Surrey,PARTICULIER,2025-10-11,"A vendre Volvo XC90 Recharge 2020, 47 206 km au compteur. Hybride rechargeable (phev) avec transmission automatique, tres fiable pour la conduite hivernale canadienne. Couleur bleu, aucun accident rapporte. Disponible a Surrey. Prix demande: 57 520 $."
25,Volkswagen,CC,2013,103442,13319,ESSENCE,AUTOMATIQUE,Argent,Vancouver,PARTICULIER,2026-02-20,"Occasion a saisir: Volkswagen CC 2013, seulement 103 442 km. Vehicule a essence, transmission automatique, entretien fait chez le concessionnaire. Pneus quatre saisons inclus, parfait pour le climat de Vancouver. Prix: 13 319 $."
26,Kia,Forte,2023,500,28403,ESSENCE,MANUELLE,Blanc,Montreal,PARTICULIER,2025-11-07,"A vendre Kia Forte 2023, 500 km au compteur. A essence avec transmission manuelle, tres fiable pour la conduite hivernale canadienne. Couleur blanc, aucun accident rapporte. Disponible a Montreal. Prix demande: 28 403 $."
27,Tesla,Model 3,2022,15005,49998,ELECTRIQUE,AUTOMATIQUE,Bordeaux,Calgary,CONCESSIONNAIRE,2026-04-16,"A vendre Tesla Model 3 2022, 15 005 km au compteur. 100% electrique, zero emission avec transmission automatique, tres fiable pour la conduite hivernale canadienne. Couleur bordeaux, aucun accident rapporte. Disponible a Calgary. Prix demande: 49 998 $."
28,Tesla,Model X,2016,72000,72878,ELECTRIQUE,AUTOMATIQUE,Bleu,Toronto,PARTICULIER,2026-06-02,"Tesla Model X 2016 de couleur bleu, 72 000 km, en tres bon etat mecanique et esthetique. Moteur 100% electrique, zero emission, transmission automatique. Inspection recente reussie. Vendeur situe a Toronto. Prix: 72 878 $ CAD."
29,Mercedes-Benz,GL-Class,2014,179873,26285,DIESEL,MANUELLE,Gris,Kitchener,CONCESSIONNAIRE,2026-02-14,"Mercedes-Benz GL-Class 2014 de couleur gris, 179 873 km, en tres bon etat mecanique et esthetique. Moteur diesel, economique en carburant, transmission manuelle. Inspection recente reussie. Vendeur situe a Kitchener. Prix: 26 285 $ CAD."
30,Honda,CR-V,2021,46814,36600,ESSENCE,AUTOMATIQUE,Noir,Ottawa,PARTICULIER,2025-08-02,"A vendre Honda CR-V 2021, 46 814 km au compteur. A essence avec transmission automatique, tres fiable pour la conduite hivernale canadienne. Couleur noir, aucun accident rapporte. Disponible a Ottawa. Prix demande: 36 600 $."
31,Nissan,LEAF,2023,10587,44999,ELECTRIQUE,AUTOMATIQUE,Brun,Sherbrooke,CONCESSIONNAIRE,2026-02-05,"Occasion a saisir: Nissan LEAF 2023, seulement 10 587 km. Vehicule 100% electrique, zero emission, transmission automatique, entretien fait chez le concessionnaire. Pneus quatre saisons inclus, parfait pour le climat de Sherbrooke. Prix: 44 999 $."
32,Honda,CR-V,2023,3103,55888,HYBRIDE,AUTOMATIQUE,Blanc,Ottawa,CONCESSIONNAIRE,2026-03-21,"A vendre Honda CR-V 2023, 3 103 km au compteur. Hybride, faible consommation avec transmission automatique, tres fiable pour la conduite hivernale canadienne. Couleur blanc, aucun accident rapporte. Disponible a Ottawa. Prix demande: 55 888 $."
33,Infiniti,QX50,2020,55119,37599,ESSENCE,AUTOMATIQUE,Bleu,Moncton,PARTICULIER,2025-06-21,"Infiniti QX50 2020 de couleur bleu, 55 119 km, en tres bon etat mecanique et esthetique. Moteur a essence, transmission automatique. Inspection recente reussie. Vendeur situe a Moncton. Prix: 37 599 $ CAD."
34,Volkswagen,Touareg,2014,126000,27995,DIESEL,AUTOMATIQUE,Noir,Ottawa,PARTICULIER,2026-01-29,"Volkswagen Touareg 2014 de couleur noir, 126 000 km, en tres bon etat mecanique et esthetique. Moteur diesel, economique en carburant, transmission automatique. Inspection recente reussie. Vendeur situe a Ottawa. Prix: 27 995 $ CAD."
35,Volkswagen,Passat,2012,145000,14449,DIESEL,MANUELLE,Bordeaux,Toronto,PARTICULIER,2025-09-28,"Occasion a saisir: Volkswagen Passat 2012, seulement 145 000 km. Vehicule diesel, economique en carburant, transmission manuelle, entretien fait chez le concessionnaire. Pneus quatre saisons inclus, parfait pour le climat de Toronto. Prix: 14 449 $."
36,GMC,Sierra,2023,500,64153,ESSENCE,AUTOMATIQUE,Bordeaux,Montreal,PARTICULIER,2025-10-25,"GMC Sierra 2023 de couleur bordeaux, 500 km, en tres bon etat mecanique et esthetique. Moteur a essence, transmission automatique. Inspection recente reussie. Vendeur situe a Montreal. Prix: 64 153 $ CAD."
37,Toyota,RAV4 Prime,2023,15937,49416,HYBRIDE_RECHARGEABLE,AUTOMATIQUE,Gris,Kitchener,PARTICULIER,2025-11-03,"Superbe Toyota RAV4 Prime 2023 en excellente condition, 15 937 km. Entretien regulier effectue, carnet complet disponible. Vehicule hybride rechargeable (PHEV), transmission automatique. Interieur propre et non-fumeur. Idealement situe a Kitchener. Prix: 49 416 $ CAD, negociable."
38,Chevrolet,Silverado,2021,34182,51900,DIESEL,MANUELLE,Rouge,Laval,PARTICULIER,2026-02-16,"Occasion a saisir: Chevrolet Silverado 2021, seulement 34 182 km. Vehicule diesel, economique en carburant, transmission manuelle, entretien fait chez le concessionnaire. Pneus quatre saisons inclus, parfait pour le climat de Laval. Prix: 51 900 $."
39,Hyundai,Santa,2020,54395,38099,ESSENCE,AUTOMATIQUE,Noir,Quebec,PARTICULIER,2026-05-27,"Occasion a saisir: Hyundai Santa 2020, seulement 54 395 km. Vehicule a essence, transmission automatique, entretien fait chez le concessionnaire. Pneus quatre saisons inclus, parfait pour le climat de Quebec. Prix: 38 099 $."
40,Mercedes-Benz,GLC300,2019,45900,45755,ESSENCE,AUTOMATIQUE,Noir,Toronto,PARTICULIER,2026-01-12,"Mercedes-Benz GLC300 2019 de couleur noir, 45 900 km, en tres bon etat mecanique et esthetique. Moteur a essence, transmission automatique. Inspection recente reussie. Vendeur situe a Toronto. Prix: 45 755 $ CAD."
41,Ford,F-150,2023,500,90641,HYBRIDE,MANUELLE,Beige,Trois-Rivieres,PARTICULIER,2025-06-13,"Superbe Ford F-150 2023 en excellente condition, 500 km. Entretien regulier effectue, carnet complet disponible. Vehicule hybride, faible consommation, transmission manuelle. Interieur propre et non-fumeur. Idealement situe a Trois-Rivieres. Prix: 90 641 $ CAD, negociable."
42,Maserati,Levante,2018,75050,59910,ESSENCE,AUTOMATIQUE,Noir,Vancouver,PARTICULIER,2025-08-13,"A vendre Maserati Levante 2018, 75 050 km au compteur. A essence avec transmission automatique, tres fiable pour la conduite hivernale canadienne. Couleur noir, aucun accident rapporte. Disponible a Vancouver. Prix demande: 59 910 $."
43,Jeep,Wrangler,2022,9538,64995,ELECTRIQUE,AUTOMATIQUE,Noir,Edmonton,PARTICULIER,2025-11-08,"Jeep Wrangler 2022 de couleur noir, 9 538 km, en tres bon etat mecanique et esthetique. Moteur 100% electrique, zero emission, transmission automatique. Inspection recente reussie. Vendeur situe a Edmonton. Prix: 64 995 $ CAD."
44,BMW,4,2019,104664,32500,ESSENCE,AUTOMATIQUE,Bleu,Toronto,CONCESSIONNAIRE,2026-09-01,"Cette BMW 4 2019 (104 664 km) est en excellent etat. Carburant: a essence, transmission automatique, couleur bleu. Vehicule non accidente, deuxieme proprietaire. Localisation: Toronto. Prix affiche: 32 500 $ CAD, faire une offre."
45,Nissan,LEAF,2020,23423,37999,ELECTRIQUE,AUTOMATIQUE,Blanc,Montreal,PARTICULIER,2026-07-04,"Nissan LEAF 2020 de couleur blanc, 23 423 km, en tres bon etat mecanique et esthetique. Moteur 100% electrique, zero emission, transmission automatique. Inspection recente reussie. Vendeur situe a Montreal. Prix: 37 999 $ CAD."
46,BMW,3,2018,145955,28995,DIESEL,MANUELLE,Noir,Gatineau,CONCESSIONNAIRE,2026-05-17,"A vendre BMW 3 2018, 145 955 km au compteur. Diesel, economique en carburant avec transmission manuelle, tres fiable pour la conduite hivernale canadienne. Couleur noir, aucun accident rapporte. Disponible a Gatineau. Prix demande: 28 995 $."
47,Hyundai,Sonata,2014,146413,11499,ESSENCE,MANUELLE,Noir,Calgary,CONCESSIONNAIRE,2025-10-27,"Cette Hyundai Sonata 2014 (146 413 km) est en excellent etat. Carburant: a essence, transmission manuelle, couleur noir. Vehicule non accidente, deuxieme proprietaire. Localisation: Calgary. Prix affiche: 11 499 $ CAD, faire une offre."
48,Jeep,Wrangler,2021,34157,42495,ESSENCE,AUTOMATIQUE,Gris,Mississauga,CONCESSIONNAIRE,2025-12-21,"Occasion a saisir: Jeep Wrangler 2021, seulement 34 157 km. Vehicule a essence, transmission automatique, entretien fait chez le concessionnaire. Pneus quatre saisons inclus, parfait pour le climat de Mississauga. Prix: 42 495 $."
49,Chrysler,Pacifica Hybrid,2020,64828,32226,HYBRIDE_RECHARGEABLE,AUTOMATIQUE,Noir,Surrey,PARTICULIER,2026-09-04,"Cette Chrysler Pacifica Hybrid 2020 (64 828 km) est en excellent etat. Carburant: hybride rechargeable (PHEV), transmission automatique, couleur noir. Vehicule non accidente, deuxieme proprietaire. Localisation: Surrey. Prix affiche: 32 226 $ CAD, faire une offre."
50,Ford,F-150,2023,500,77814,HYBRIDE,MANUELLE,Noir,Mississauga,PARTICULIER,2025-07-08,"Cette Ford F-150 2023 (500 km) est en excellent etat. Carburant: hybride, faible consommation, transmission manuelle, couleur noir. Vehicule non accidente, deuxieme proprietaire. Localisation: Mississauga. Prix affiche: 77 814 $ CAD, faire une offre."
51,Ford,Fusion,2019,79184,27985,HYBRIDE,AUTOMATIQUE,Brun,Kitchener,CONCESSIONNAIRE,2026-09-01,"Ford Fusion 2019 de couleur brun, 79 184 km, en tres bon etat mecanique et esthetique. Moteur hybride, faible consommation, transmission automatique. Inspection recente reussie. Vendeur situe a Kitchener. Prix: 27 985 $ CAD."
52,Ford,F-150,2018,170000,25900,ESSENCE,AUTOMATIQUE,Blanc,Ottawa,PARTICULIER,2026-03-21,"A vendre Ford F-150 2018, 170 000 km au compteur. A essence avec transmission automatique, tres fiable pour la conduite hivernale canadienne. Couleur blanc, aucun accident rapporte. Disponible a Ottawa. Prix demande: 25 900 $."
53,Hyundai,Elantra,2015,173469,11450,ESSENCE,AUTOMATIQUE,Blanc,Quebec,CONCESSIONNAIRE,2025-11-04,"Hyundai Elantra 2015 de couleur blanc, 173 469 km, en tres bon etat mecanique et esthetique. Moteur a essence, transmission automatique. Inspection recente reussie. Vendeur situe a Quebec. Prix: 11 450 $ CAD."
54,Subaru,Impreza,2016,92056,17995,ESSENCE,AUTOMATIQUE,Noir,Laval,PARTICULIER,2026-05-13,"Subaru Impreza 2016 de couleur noir, 92 056 km, en tres bon etat mecanique et esthetique. Moteur a essence, transmission automatique. Inspection recente reussie. Vendeur situe a Laval. Prix: 17 995 $ CAD."
55,Toyota,RAV4 Prime,2022,28324,44088,HYBRIDE_RECHARGEABLE,AUTOMATIQUE,Beige,Calgary,CONCESSIONNAIRE,2026-03-25,"Occasion a saisir: Toyota RAV4 Prime 2022, seulement 28 324 km. Vehicule hybride rechargeable (PHEV), transmission automatique, entretien fait chez le concessionnaire. Pneus quatre saisons inclus, parfait pour le climat de Calgary. Prix: 44 088 $."
56,Jeep,Wrangler,2022,21146,62885,ESSENCE,MANUELLE,Noir,Montreal,PARTICULIER,2025-07-21,"Jeep Wrangler 2022 de couleur noir, 21 146 km, en tres bon etat mecanique et esthetique. Moteur a essence, transmission manuelle. Inspection recente reussie. Vendeur situe a Montreal. Prix: 62 885 $ CAD."
57,Jeep,Wrangler,2023,500,73499,HYBRIDE,MANUELLE,Bleu,Ottawa,PARTICULIER,2026-03-21,"A vendre Jeep Wrangler 2023, 500 km au compteur. Hybride, faible consommation avec transmission manuelle, tres fiable pour la conduite hivernale canadienne. Couleur bleu, aucun accident rapporte. Disponible a Ottawa. Prix demande: 73 499 $."
58,Tesla,Model S,2019,74358,79000,ELECTRIQUE,AUTOMATIQUE,Noir,Ottawa,CONCESSIONNAIRE,2026-07-06,"Occasion a saisir: Tesla Model S 2019, seulement 74 358 km. Vehicule 100% electrique, zero emission, transmission automatique, entretien fait chez le concessionnaire. Pneus quatre saisons inclus, parfait pour le climat de Ottawa. Prix: 79 000 $."
59,Chevrolet,Malibu,2023,500,40043,ESSENCE,AUTOMATIQUE,Blanc,Toronto,CONCESSIONNAIRE,2025-10-15,"Superbe Chevrolet Malibu 2023 en excellente condition, 500 km. Entretien regulier effectue, carnet complet disponible. Vehicule a essence, transmission automatique. Interieur propre et non-fumeur. Idealement situe a Toronto. Prix: 40 043 $ CAD, negociable."
60,Tesla,Model 3,2019,106000,41888,ELECTRIQUE,AUTOMATIQUE,Gris,Quebec,CONCESSIONNAIRE,2025-11-23,"A vendre Tesla Model 3 2019, 106 000 km au compteur. 100% electrique, zero emission avec transmission automatique, tres fiable pour la conduite hivernale canadienne. Couleur gris, aucun accident rapporte. Disponible a Quebec. Prix demande: 41 888 $."
61,Buick,Regal,2019,53932,25995,ESSENCE,AUTOMATIQUE,Blanc,Toronto,PARTICULIER,2025-09-24,"Superbe Buick Regal 2019 en excellente condition, 53 932 km. Entretien regulier effectue, carnet complet disponible. Vehicule a essence, transmission automatique. Interieur propre et non-fumeur. Idealement situe a Toronto. Prix: 25 995 $ CAD, negociable."
62,Volkswagen,Beetle,2013,93000,14998,DIESEL,MANUELLE,Rouge,Vancouver,CONCESSIONNAIRE,2026-01-10,"Occasion a saisir: Volkswagen Beetle 2013, seulement 93 000 km. Vehicule diesel, economique en carburant, transmission manuelle, entretien fait chez le concessionnaire. Pneus quatre saisons inclus, parfait pour le climat de Vancouver. Prix: 14 998 $."
63,Audi,A3,2017,89500,22990,ESSENCE,AUTOMATIQUE,Noir,Quebec,CONCESSIONNAIRE,2026-07-03,"Superbe Audi A3 2017 en excellente condition, 89 500 km. Entretien regulier effectue, carnet complet disponible. Vehicule a essence, transmission automatique. Interieur propre et non-fumeur. Idealement situe a Quebec. Prix: 22 990 $ CAD, negociable."
64,Volkswagen,Jetta,2020,79000,27850,ESSENCE,MANUELLE,Gris,Ottawa,CONCESSIONNAIRE,2025-12-14,"Occasion a saisir: Volkswagen Jetta 2020, seulement 79 000 km. Vehicule a essence, transmission manuelle, entretien fait chez le concessionnaire. Pneus quatre saisons inclus, parfait pour le climat de Ottawa. Prix: 27 850 $."
65,Subaru,Forester,2018,97276,24498,ESSENCE,MANUELLE,Blanc,Calgary,CONCESSIONNAIRE,2026-07-22,"A vendre Subaru Forester 2018, 97 276 km au compteur. A essence avec transmission manuelle, tres fiable pour la conduite hivernale canadienne. Couleur blanc, aucun accident rapporte. Disponible a Calgary. Prix demande: 24 498 $."
66,Chrysler,Pacifica,2023,500,64280,ELECTRIQUE,AUTOMATIQUE,Gris,Montreal,PARTICULIER,2025-12-26,"Occasion a saisir: Chrysler Pacifica 2023, seulement 500 km. Vehicule 100% electrique, zero emission, transmission automatique, entretien fait chez le concessionnaire. Pneus quatre saisons inclus, parfait pour le climat de Montreal. Prix: 64 280 $."
67,Volvo,XC40,2023,500,79299,ELECTRIQUE,AUTOMATIQUE,Blanc,Calgary,CONCESSIONNAIRE,2025-11-19,"Superbe Volvo XC40 2023 en excellente condition, 500 km. Entretien regulier effectue, carnet complet disponible. Vehicule 100% electrique, zero emission, transmission automatique. Interieur propre et non-fumeur. Idealement situe a Calgary. Prix: 79 299 $ CAD, negociable."
68,Dodge,Grand,2015,275680,8995,ESSENCE,AUTOMATIQUE,Noir,Montreal,CONCESSIONNAIRE,2026-07-09,"Occasion a saisir: Dodge Grand 2015, seulement 275 680 km. Vehicule a essence, transmission automatique, entretien fait chez le concessionnaire. Pneus quatre saisons inclus, parfait pour le climat de Montreal. Prix: 8 995 $."
69,Ford,Escape,2022,300,56708,HYBRIDE_RECHARGEABLE,AUTOMATIQUE,Noir,Halifax,CONCESSIONNAIRE,2025-07-20,"Occasion a saisir: Ford Escape 2022, seulement 300 km. Vehicule hybride rechargeable (PHEV), transmission automatique, entretien fait chez le concessionnaire. Pneus quatre saisons inclus, parfait pour le climat de Halifax. Prix: 56 708 $."
70,Honda,Odyssey,2020,67865,47099,ESSENCE,AUTOMATIQUE,Blanc,Regina,PARTICULIER,2026-03-10,"Occasion a saisir: Honda Odyssey 2020, seulement 67 865 km. Vehicule a essence, transmission automatique, entretien fait chez le concessionnaire. Pneus quatre saisons inclus, parfait pour le climat de Regina. Prix: 47 099 $."
71,Volkswagen,ID.4,2022,9221,76940,ELECTRIQUE,AUTOMATIQUE,Gris,Moncton,CONCESSIONNAIRE,2025-08-07,"A vendre Volkswagen ID.4 2022, 9 221 km au compteur. 100% electrique, zero emission avec transmission automatique, tres fiable pour la conduite hivernale canadienne. Couleur gris, aucun accident rapporte. Disponible a Moncton. Prix demande: 76 940 $."
72,Ford,F-150,2023,500,70499,ESSENCE,AUTOMATIQUE,Gris,Montreal,PARTICULIER,2025-08-07,"Occasion a saisir: Ford F-150 2023, seulement 500 km. Vehicule a essence, transmission automatique, entretien fait chez le concessionnaire. Pneus quatre saisons inclus, parfait pour le climat de Montreal. Prix: 70 499 $."
73,Chrysler,Pacifica,2022,500,59193,ESSENCE,MANUELLE,Noir,Montreal,PARTICULIER,2025-06-13,"Occasion a saisir: Chrysler Pacifica 2022, seulement 500 km. Vehicule a essence, transmission manuelle, entretien fait chez le concessionnaire. Pneus quatre saisons inclus, parfait pour le climat de Montreal. Prix: 59 193 $."
74,Hyundai,Santa,2017,105000,25888,ESSENCE,AUTOMATIQUE,Noir,Laval,PARTICULIER,2026-05-09,"Hyundai Santa 2017 de couleur noir, 105 000 km, en tres bon etat mecanique et esthetique. Moteur a essence, transmission automatique. Inspection recente reussie. Vendeur situe a Laval. Prix: 25 888 $ CAD."
75,Tesla,Model Y,2016,154572,59999,ELECTRIQUE,AUTOMATIQUE,Bleu,Halifax,PARTICULIER,2026-03-10,"Occasion a saisir: Tesla Model Y 2016, seulement 154 572 km. Vehicule 100% electrique, zero emission, transmission automatique, entretien fait chez le concessionnaire. Pneus quatre saisons inclus, parfait pour le climat de Halifax. Prix: 59 999 $."
76,Volkswagen,ID.4,2021,19903,67488,ELECTRIQUE,AUTOMATIQUE,Gris,Edmonton,CONCESSIONNAIRE,2025-07-19,"Volkswagen ID.4 2021 de couleur gris, 19 903 km, en tres bon etat mecanique et esthetique. Moteur 100% electrique, zero emission, transmission automatique. Inspection recente reussie. Vendeur situe a Edmonton. Prix: 67 488 $ CAD."
77,GMC,SIERRA,2018,100845,59995,DIESEL,MANUELLE,Gris,Mississauga,CONCESSIONNAIRE,2025-12-28,"GMC SIERRA 2018 de couleur gris, 100 845 km, en tres bon etat mecanique et esthetique. Moteur diesel, economique en carburant, transmission manuelle. Inspection recente reussie. Vendeur situe a Mississauga. Prix: 59 995 $ CAD."
78,Ford,Fusion,2019,28985,28990,ELECTRIQUE,AUTOMATIQUE,Argent,Quebec,CONCESSIONNAIRE,2025-06-18,"Cette Ford Fusion 2019 (28 985 km) est en excellent etat. Carburant: 100% electrique, zero emission, transmission automatique, couleur argent. Vehicule non accidente, deuxieme proprietaire. Localisation: Quebec. Prix affiche: 28 990 $ CAD, faire une offre."
79,Mazda,CX-5,2019,68135,29590,ESSENCE,AUTOMATIQUE,Blanc,Sherbrooke,CONCESSIONNAIRE,2025-11-21,"A vendre Mazda CX-5 2019, 68 135 km au compteur. A essence avec transmission automatique, tres fiable pour la conduite hivernale canadienne. Couleur blanc, aucun accident rapporte. Disponible a Sherbrooke. Prix demande: 29 590 $."
80,Kia,Niro,2021,13667,59995,ELECTRIQUE,AUTOMATIQUE,Blanc,Ottawa,CONCESSIONNAIRE,2025-10-17,"Superbe Kia Niro 2021 en excellente condition, 13 667 km. Entretien regulier effectue, carnet complet disponible. Vehicule 100% electrique, zero emission, transmission automatique. Interieur propre et non-fumeur. Idealement situe a Ottawa. Prix: 59 995 $ CAD, negociable."
81,GMC,Sierra,2021,74306,60995,DIESEL,AUTOMATIQUE,Noir,Halifax,PARTICULIER,2025-11-17,"Superbe GMC Sierra 2021 en excellente condition, 74 306 km. Entretien regulier effectue, carnet complet disponible. Vehicule diesel, economique en carburant, transmission automatique. Interieur propre et non-fumeur. Idealement situe a Halifax. Prix: 60 995 $ CAD, negociable."
82,Volkswagen,Jetta,2021,73306,30139,ESSENCE,MANUELLE,Bleu,Montreal,CONCESSIONNAIRE,2026-05-24,"Superbe Volkswagen Jetta 2021 en excellente condition, 73 306 km. Entretien regulier effectue, carnet complet disponible. Vehicule a essence, transmission manuelle. Interieur propre et non-fumeur. Idealement situe a Montreal. Prix: 30 139 $ CAD, negociable."
83,BMW,2,2016,28190,38940,ESSENCE,AUTOMATIQUE,Blanc,Laval,PARTICULIER,2025-12-19,"A vendre BMW 2 2016, 28 190 km au compteur. A essence avec transmission automatique, tres fiable pour la conduite hivernale canadienne. Couleur blanc, aucun accident rapporte. Disponible a Laval. Prix demande: 38 940 $."
84,BMW,330e,2021,43069,39844,HYBRIDE_RECHARGEABLE,AUTOMATIQUE,Brun,Montreal,CONCESSIONNAIRE,2026-01-14,"BMW 330e 2021 de couleur brun, 43 069 km, en tres bon etat mecanique et esthetique. Moteur hybride rechargeable (PHEV), transmission automatique. Inspection recente reussie. Vendeur situe a Montreal. Prix: 39 844 $ CAD."
85,Volvo,XC40,2023,500,79729,ELECTRIQUE,AUTOMATIQUE,Blanc,Calgary,CONCESSIONNAIRE,2026-07-26,"Volvo XC40 2023 de couleur blanc, 500 km, en tres bon etat mecanique et esthetique. Moteur 100% electrique, zero emission, transmission automatique. Inspection recente reussie. Vendeur situe a Calgary. Prix: 79 729 $ CAD."
86,Chrysler,Pacifica,2018,64989,35494,HYBRIDE,AUTOMATIQUE,Rouge,Vancouver,CONCESSIONNAIRE,2025-09-26,"Occasion a saisir: Chrysler Pacifica 2018, seulement 64 989 km. Vehicule hybride, faible consommation, transmission automatique, entretien fait chez le concessionnaire. Pneus quatre saisons inclus, parfait pour le climat de Vancouver. Prix: 35 494 $."
87,Mazda,Mazda3,2011,251752,5000,HYBRIDE,MANUELLE,Bleu,Halifax,CONCESSIONNAIRE,2026-08-06,"A vendre Mazda Mazda3 2011, 251 752 km au compteur. Hybride, faible consommation avec transmission manuelle, tres fiable pour la conduite hivernale canadienne. Couleur bleu, aucun accident rapporte. Disponible a Halifax. Prix demande: 5 000 $."
88,Tesla,Model 3,2021,24534,51995,ELECTRIQUE,AUTOMATIQUE,Gris,Laval,CONCESSIONNAIRE,2026-07-07,"Tesla Model 3 2021 de couleur gris, 24 534 km, en tres bon etat mecanique et esthetique. Moteur 100% electrique, zero emission, transmission automatique. Inspection recente reussie. Vendeur situe a Laval. Prix: 51 995 $ CAD."
89,Ford,Edge,2023,500,47221,ESSENCE,AUTOMATIQUE,Blanc,Montreal,PARTICULIER,2026-04-21,"A vendre Ford Edge 2023, 500 km au compteur. A essence avec transmission automatique, tres fiable pour la conduite hivernale canadienne. Couleur blanc, aucun accident rapporte. Disponible a Montreal. Prix demande: 47 221 $."
90,Nissan,LEAF,2018,45164,31888,ELECTRIQUE,AUTOMATIQUE,Blanc,Winnipeg,CONCESSIONNAIRE,2026-05-19,"Superbe Nissan LEAF 2018 en excellente condition, 45 164 km. Entretien regulier effectue, carnet complet disponible. Vehicule 100% electrique, zero emission, transmission automatique. Interieur propre et non-fumeur. Idealement situe a Winnipeg. Prix: 31 888 $ CAD, negociable."
91,Nissan,Titan,2017,132565,33995,DIESEL,AUTOMATIQUE,Bleu,Halifax,CONCESSIONNAIRE,2025-12-31,"Superbe Nissan Titan 2017 en excellente condition, 132 565 km. Entretien regulier effectue, carnet complet disponible. Vehicule diesel, economique en carburant, transmission automatique. Interieur propre et non-fumeur. Idealement situe a Halifax. Prix: 33 995 $ CAD, negociable."
92,Ford,F-150,2023,500,77814,HYBRIDE,AUTOMATIQUE,Noir,Quebec,PARTICULIER,2025-08-24,"Occasion a saisir: Ford F-150 2023, seulement 500 km. Vehicule hybride, faible consommation, transmission automatique, entretien fait chez le concessionnaire. Pneus quatre saisons inclus, parfait pour le climat de Quebec. Prix: 77 814 $."
93,Jeep,Wrangler,2023,500,72415,ELECTRIQUE,AUTOMATIQUE,Bleu,Montreal,CONCESSIONNAIRE,2025-12-31,"Occasion a saisir: Jeep Wrangler 2023, seulement 500 km. Vehicule 100% electrique, zero emission, transmission automatique, entretien fait chez le concessionnaire. Pneus quatre saisons inclus, parfait pour le climat de Montreal. Prix: 72 415 $."
94,Ford,Mustang,2021,4785,64690,ELECTRIQUE,AUTOMATIQUE,Rouge,Winnipeg,PARTICULIER,2026-06-23,"Superbe Ford Mustang 2021 en excellente condition, 4 785 km. Entretien regulier effectue, carnet complet disponible. Vehicule 100% electrique, zero emission, transmission automatique. Interieur propre et non-fumeur. Idealement situe a Winnipeg. Prix: 64 690 $ CAD, negociable."
95,BMW,X5,2018,45488,49900,ESSENCE,AUTOMATIQUE,Blanc,Regina,CONCESSIONNAIRE,2025-09-15,"Cette BMW X5 2018 (45 488 km) est en excellent etat. Carburant: a essence, transmission automatique, couleur blanc. Vehicule non accidente, deuxieme proprietaire. Localisation: Regina. Prix affiche: 49 900 $ CAD, faire une offre."
96,Chrysler,200,2013,203702,5800,ESSENCE,MANUELLE,Blanc,Vancouver,CONCESSIONNAIRE,2026-05-19,"Superbe Chrysler 200 2013 en excellente condition, 203 702 km. Entretien regulier effectue, carnet complet disponible. Vehicule a essence, transmission manuelle. Interieur propre et non-fumeur. Idealement situe a Vancouver. Prix: 5 800 $ CAD, negociable."
97,Hyundai,Tucson,2020,56787,32488,ESSENCE,AUTOMATIQUE,Gris,Victoria,PARTICULIER,2026-01-25,"A vendre Hyundai Tucson 2020, 56 787 km au compteur. A essence avec transmission automatique, tres fiable pour la conduite hivernale canadienne. Couleur gris, aucun accident rapporte. Disponible a Victoria. Prix demande: 32 488 $."
98,Volvo,XC60 Recharge,2021,31912,54328,HYBRIDE_RECHARGEABLE,AUTOMATIQUE,Blanc,Montreal,CONCESSIONNAIRE,2025-12-09,"Occasion a saisir: Volvo XC60 Recharge 2021, seulement 31 912 km. Vehicule hybride rechargeable (PHEV), transmission automatique, entretien fait chez le concessionnaire. Pneus quatre saisons inclus, parfait pour le climat de Montreal. Prix: 54 328 $."
99,Infiniti,Q60,2018,22998,39588,ESSENCE,AUTOMATIQUE,Blanc,Halifax,CONCESSIONNAIRE,2026-07-06,"A vendre Infiniti Q60 2018, 22 998 km au compteur. A essence avec transmission automatique, tres fiable pour la conduite hivernale canadienne. Couleur blanc, aucun accident rapporte. Disponible a Halifax. Prix demande: 39 588 $."
100,MINI,Clubman,2020,47300,31588,ESSENCE,AUTOMATIQUE,Vert,Toronto,PARTICULIER,2025-11-18,"Occasion a saisir: MINI Clubman 2020, seulement 47 300 km. Vehicule a essence, transmission automatique, entretien fait chez le concessionnaire. Pneus quatre saisons inclus, parfait pour le climat de Toronto. Prix: 31 588 $."
101,Ford,Escape,2016,69000,21990,ESSENCE,AUTOMATIQUE,Blanc,Montreal,PARTICULIER,2025-09-21,"Ford Escape 2016 de couleur blanc, 69 000 km, en tres bon etat mecanique et esthetique. Moteur a essence, transmission automatique. Inspection recente reussie. Vendeur situe a Montreal. Prix: 21 990 $ CAD."
102,Toyota,RAV4 Prime,2022,36733,49107,HYBRIDE_RECHARGEABLE,AUTOMATIQUE,Vert,Saskatoon,CONCESSIONNAIRE,2025-12-16,"Occasion a saisir: Toyota RAV4 Prime 2022, seulement 36 733 km. Vehicule hybride rechargeable (PHEV), transmission automatique, entretien fait chez le concessionnaire. Pneus quatre saisons inclus, parfait pour le climat de Saskatoon. Prix: 49 107 $."
103,Jeep,Wrangler,2023,500,71405,HYBRIDE,MANUELLE,Blanc,Montreal,CONCESSIONNAIRE,2026-08-02,"Jeep Wrangler 2023 de couleur blanc, 500 km, en tres bon etat mecanique et esthetique. Moteur hybride, faible consommation, transmission manuelle. Inspection recente reussie. Vendeur situe a Montreal. Prix: 71 405 $ CAD."
104,Hyundai,Tucson,2017,75004,21900,ESSENCE,AUTOMATIQUE,Blanc,Montreal,CONCESSIONNAIRE,2025-07-15,"Superbe Hyundai Tucson 2017 en excellente condition, 75 004 km. Entretien regulier effectue, carnet complet disponible. Vehicule a essence, transmission automatique. Interieur propre et non-fumeur. Idealement situe a Montreal. Prix: 21 900 $ CAD, negociable."
105,Chevrolet,Volt,2017,94991,22899,HYBRIDE,MANUELLE,Noir,Laval,PARTICULIER,2026-04-19,"A vendre Chevrolet Volt 2017, 94 991 km au compteur. Hybride, faible consommation avec transmission manuelle, tres fiable pour la conduite hivernale canadienne. Couleur noir, aucun accident rapporte. Disponible a Laval. Prix demande: 22 899 $."
106,Volvo,XC60 Recharge,2021,30986,51569,HYBRIDE_RECHARGEABLE,AUTOMATIQUE,Rouge,Gatineau,PARTICULIER,2026-04-24,"Superbe Volvo XC60 Recharge 2021 en excellente condition, 30 986 km. Entretien regulier effectue, carnet complet disponible. Vehicule hybride rechargeable (PHEV), transmission automatique. Interieur propre et non-fumeur. Idealement situe a Gatineau. Prix: 51 569 $ CAD, negociable."
107,Mazda,CX-7,2011,118573,12580,ESSENCE,AUTOMATIQUE,Noir,Laval,PARTICULIER,2025-11-22,"Mazda CX-7 2011 de couleur noir, 118 573 km, en tres bon etat mecanique et esthetique. Moteur a essence, transmission automatique. Inspection recente reussie. Vendeur situe a Laval. Prix: 12 580 $ CAD."
108,Honda,Civic,2018,126948,24488,ESSENCE,MANUELLE,Bleu,Montreal,PARTICULIER,2026-07-30,"Occasion a saisir: Honda Civic 2018, seulement 126 948 km. Vehicule a essence, transmission manuelle, entretien fait chez le concessionnaire. Pneus quatre saisons inclus, parfait pour le climat de Montreal. Prix: 24 488 $."
109,Mitsubishi,Outlander PHEV,2021,40893,35113,HYBRIDE_RECHARGEABLE,AUTOMATIQUE,Noir,Surrey,CONCESSIONNAIRE,2026-06-14,"Occasion a saisir: Mitsubishi Outlander PHEV 2021, seulement 40 893 km. Vehicule hybride rechargeable (PHEV), transmission automatique, entretien fait chez le concessionnaire. Pneus quatre saisons inclus, parfait pour le climat de Surrey. Prix: 35 113 $."
110,Chrysler,Pacifica Hybrid,2020,56182,36274,HYBRIDE_RECHARGEABLE,AUTOMATIQUE,Beige,Vancouver,PARTICULIER,2026-08-04,"Occasion a saisir: Chrysler Pacifica Hybrid 2020, seulement 56 182 km. Vehicule hybride rechargeable (PHEV), transmission automatique, entretien fait chez le concessionnaire. Pneus quatre saisons inclus, parfait pour le climat de Vancouver. Prix: 36 274 $."
111,Hyundai,Sonata,2012,198000,8990,HYBRIDE,MANUELLE,Argent,Montreal,CONCESSIONNAIRE,2025-06-17,"Cette Hyundai Sonata 2012 (198 000 km) est en excellent etat. Carburant: hybride, faible consommation, transmission manuelle, couleur argent. Vehicule non accidente, deuxieme proprietaire. Localisation: Montreal. Prix affiche: 8 990 $ CAD, faire une offre."
112,Porsche,Macan,2018,25995,62800,ESSENCE,AUTOMATIQUE,Blanc,Surrey,PARTICULIER,2026-04-19,"A vendre Porsche Macan 2018, 25 995 km au compteur. A essence avec transmission automatique, tres fiable pour la conduite hivernale canadienne. Couleur blanc, aucun accident rapporte. Disponible a Surrey. Prix demande: 62 800 $."
113,Chrysler,Pacifica,2017,131924,35490,ELECTRIQUE,AUTOMATIQUE,Blanc,Toronto,CONCESSIONNAIRE,2025-12-15,"Cette Chrysler Pacifica 2017 (131 924 km) est en excellent etat. Carburant: 100% electrique, zero emission, transmission automatique, couleur blanc. Vehicule non accidente, deuxieme proprietaire. Localisation: Toronto. Prix affiche: 35 490 $ CAD, faire une offre."
114,Kia,Telluride,2022,23450,55788,ESSENCE,AUTOMATIQUE,Gris,Montreal,CONCESSIONNAIRE,2026-07-03,"A vendre Kia Telluride 2022, 23 450 km au compteur. A essence avec transmission automatique, tres fiable pour la conduite hivernale canadienne. Couleur gris, aucun accident rapporte. Disponible a Montreal. Prix demande: 55 788 $."
115,Cadillac,Escalade,2013,261000,32000,ESSENCE,AUTOMATIQUE,Blanc,Laval,CONCESSIONNAIRE,2025-06-30,"Occasion a saisir: Cadillac Escalade 2013, seulement 261 000 km. Vehicule a essence, transmission automatique, entretien fait chez le concessionnaire. Pneus quatre saisons inclus, parfait pour le climat de Laval. Prix: 32 000 $."
116,Tesla,Model S,2022,20395,68999,ELECTRIQUE,AUTOMATIQUE,Blanc,Mississauga,CONCESSIONNAIRE,2026-01-17,"Superbe Tesla Model S 2022 en excellente condition, 20 395 km. Entretien regulier effectue, carnet complet disponible. Vehicule 100% electrique, zero emission, transmission automatique. Interieur propre et non-fumeur. Idealement situe a Mississauga. Prix: 68 999 $ CAD, negociable."
117,Mercedes-Benz,GL350BT,2014,119150,28000,DIESEL,AUTOMATIQUE,Gris,St. John's,CONCESSIONNAIRE,2025-07-26,"A vendre Mercedes-Benz GL350BT 2014, 119 150 km au compteur. Diesel, economique en carburant avec transmission automatique, tres fiable pour la conduite hivernale canadienne. Couleur gris, aucun accident rapporte. Disponible a St. John's. Prix demande: 28 000 $."
118,Kia,Sorento PHEV,2022,25612,46884,HYBRIDE_RECHARGEABLE,AUTOMATIQUE,Blanc,Toronto,PARTICULIER,2026-01-27,"A vendre Kia Sorento PHEV 2022, 25 612 km au compteur. Hybride rechargeable (phev) avec transmission automatique, tres fiable pour la conduite hivernale canadienne. Couleur blanc, aucun accident rapporte. Disponible a Toronto. Prix demande: 46 884 $."
119,Ford,Escape,2016,155000,14990,ESSENCE,AUTOMATIQUE,Noir,Laval,CONCESSIONNAIRE,2026-04-26,"A vendre Ford Escape 2016, 155 000 km au compteur. A essence avec transmission automatique, tres fiable pour la conduite hivernale canadienne. Couleur noir, aucun accident rapporte. Disponible a Laval. Prix demande: 14 990 $."
120,Audi,Q8,2019,49000,65000,HYBRIDE,AUTOMATIQUE,Bleu,Vancouver,PARTICULIER,2026-05-19,"Superbe Audi Q8 2019 en excellente condition, 49 000 km. Entretien regulier effectue, carnet complet disponible. Vehicule hybride, faible consommation, transmission automatique. Interieur propre et non-fumeur. Idealement situe a Vancouver. Prix: 65 000 $ CAD, negociable."
121,Ford,F-150,2022,14205,68785,ESSENCE,AUTOMATIQUE,Noir,Vancouver,CONCESSIONNAIRE,2025-11-03,"Cette Ford F-150 2022 (14 205 km) est en excellent etat. Carburant: a essence, transmission automatique, couleur noir. Vehicule non accidente, deuxieme proprietaire. Localisation: Vancouver. Prix affiche: 68 785 $ CAD, faire une offre."
122,Audi,Q5,2022,9612,56999,HYBRIDE,AUTOMATIQUE,Blanc,Laval,CONCESSIONNAIRE,2025-10-24,"A vendre Audi Q5 2022, 9 612 km au compteur. Hybride, faible consommation avec transmission automatique, tres fiable pour la conduite hivernale canadienne. Couleur blanc, aucun accident rapporte. Disponible a Laval. Prix demande: 56 999 $."
123,Mazda,Mazda3,2018,35455,21999,ESSENCE,MANUELLE,Bleu,Toronto,CONCESSIONNAIRE,2025-10-11,"Occasion a saisir: Mazda Mazda3 2018, seulement 35 455 km. Vehicule a essence, transmission manuelle, entretien fait chez le concessionnaire. Pneus quatre saisons inclus, parfait pour le climat de Toronto. Prix: 21 999 $."
124,Volkswagen,ATLAS,2021,15707,38995,ESSENCE,AUTOMATIQUE,Noir,Gatineau,PARTICULIER,2025-09-17,"Volkswagen ATLAS 2021 de couleur noir, 15 707 km, en tres bon etat mecanique et esthetique. Moteur a essence, transmission automatique. Inspection recente reussie. Vendeur situe a Gatineau. Prix: 38 995 $ CAD."
125,Jeep,Grand,2023,500,88830,ESSENCE,AUTOMATIQUE,Blanc,Montreal,CONCESSIONNAIRE,2025-10-16,"Cette Jeep Grand 2023 (500 km) est en excellent etat. Carburant: a essence, transmission automatique, couleur blanc. Vehicule non accidente, deuxieme proprietaire. Localisation: Montreal. Prix affiche: 88 830 $ CAD, faire une offre."
126,Tesla,Model 3,2020,46288,48777,ELECTRIQUE,AUTOMATIQUE,Bleu,Mississauga,PARTICULIER,2025-08-03,"Occasion a saisir: Tesla Model 3 2020, seulement 46 288 km. Vehicule 100% electrique, zero emission, transmission automatique, entretien fait chez le concessionnaire. Pneus quatre saisons inclus, parfait pour le climat de Mississauga. Prix: 48 777 $."
127,Kia,Sorento,2022,46131,34995,ESSENCE,AUTOMATIQUE,Noir,St. John's,CONCESSIONNAIRE,2026-02-11,"A vendre Kia Sorento 2022, 46 131 km au compteur. A essence avec transmission automatique, tres fiable pour la conduite hivernale canadienne. Couleur noir, aucun accident rapporte. Disponible a St. John's. Prix demande: 34 995 $."
128,Volvo,XC60,2023,500,68735,ESSENCE,AUTOMATIQUE,Argent,Victoria,PARTICULIER,2025-07-03,"Volvo XC60 2023 de couleur argent, 500 km, en tres bon etat mecanique et esthetique. Moteur a essence, transmission automatique. Inspection recente reussie. Vendeur situe a Victoria. Prix: 68 735 $ CAD."
129,Porsche,Panamera,2017,85280,74988,ESSENCE,AUTOMATIQUE,Noir,Laval,CONCESSIONNAIRE,2026-04-16,"Cette Porsche Panamera 2017 (85 280 km) est en excellent etat. Carburant: a essence, transmission automatique, couleur noir. Vehicule non accidente, deuxieme proprietaire. Localisation: Laval. Prix affiche: 74 988 $ CAD, faire une offre."
130,Hyundai,Santa,2022,13203,51888,ESSENCE,AUTOMATIQUE,Noir,Quebec,CONCESSIONNAIRE,2026-03-02,"A vendre Hyundai Santa 2022, 13 203 km au compteur. A essence avec transmission automatique, tres fiable pour la conduite hivernale canadienne. Couleur noir, aucun accident rapporte. Disponible a Quebec. Prix demande: 51 888 $."
131,BMW,3,2018,71000,30950,DIESEL,MANUELLE,Noir,Ottawa,CONCESSIONNAIRE,2026-07-16,"BMW 3 2018 de couleur noir, 71 000 km, en tres bon etat mecanique et esthetique. Moteur diesel, economique en carburant, transmission manuelle. Inspection recente reussie. Vendeur situe a Ottawa. Prix: 30 950 $ CAD."
132,Toyota,RAV4 Prime,2023,18509,50549,HYBRIDE_RECHARGEABLE,AUTOMATIQUE,Blanc,Calgary,PARTICULIER,2025-12-09,"A vendre Toyota RAV4 Prime 2023, 18 509 km au compteur. Hybride rechargeable (phev) avec transmission automatique, tres fiable pour la conduite hivernale canadienne. Couleur blanc, aucun accident rapporte. Disponible a Calgary. Prix demande: 50 549 $."
133,Toyota,RAV4 Prime,2022,29577,46272,HYBRIDE_RECHARGEABLE,AUTOMATIQUE,Noir,Toronto,CONCESSIONNAIRE,2025-09-25,"Toyota RAV4 Prime 2022 de couleur noir, 29 577 km, en tres bon etat mecanique et esthetique. Moteur hybride rechargeable (PHEV), transmission automatique. Inspection recente reussie. Vendeur situe a Toronto. Prix: 46 272 $ CAD."
134,Ford,Fusion,2019,57309,28890,HYBRIDE,AUTOMATIQUE,Noir,London,PARTICULIER,2025-09-25,"Superbe Ford Fusion 2019 en excellente condition, 57 309 km. Entretien regulier effectue, carnet complet disponible. Vehicule hybride, faible consommation, transmission automatique. Interieur propre et non-fumeur. Idealement situe a London. Prix: 28 890 $ CAD, negociable."
135,Mitsubishi,Outlander PHEV,2021,39540,33363,HYBRIDE_RECHARGEABLE,AUTOMATIQUE,Rouge,Toronto,CONCESSIONNAIRE,2026-04-26,"Mitsubishi Outlander PHEV 2021 de couleur rouge, 39 540 km, en tres bon etat mecanique et esthetique. Moteur hybride rechargeable (PHEV), transmission automatique. Inspection recente reussie. Vendeur situe a Toronto. Prix: 33 363 $ CAD."
136,Mitsubishi,Outlander PHEV,2021,39867,32732,HYBRIDE_RECHARGEABLE,AUTOMATIQUE,Blanc,Quebec,PARTICULIER,2026-03-20,"Occasion a saisir: Mitsubishi Outlander PHEV 2021, seulement 39 867 km. Vehicule hybride rechargeable (PHEV), transmission automatique, entretien fait chez le concessionnaire. Pneus quatre saisons inclus, parfait pour le climat de Quebec. Prix: 32 732 $."
137,Jeep,Wrangler,2023,500,67789,HYBRIDE,MANUELLE,Bleu,Montreal,CONCESSIONNAIRE,2026-01-01,"Superbe Jeep Wrangler 2023 en excellente condition, 500 km. Entretien regulier effectue, carnet complet disponible. Vehicule hybride, faible consommation, transmission manuelle. Interieur propre et non-fumeur. Idealement situe a Montreal. Prix: 67 789 $ CAD, negociable."
138,Hyundai,Elantra,2019,108660,21950,ESSENCE,AUTOMATIQUE,Rouge,Montreal,CONCESSIONNAIRE,2026-05-13,"A vendre Hyundai Elantra 2019, 108 660 km au compteur. A essence avec transmission automatique, tres fiable pour la conduite hivernale canadienne. Couleur rouge, aucun accident rapporte. Disponible a Montreal. Prix demande: 21 950 $."
139,Chevrolet,Volt,2018,104898,30998,HYBRIDE,AUTOMATIQUE,Blanc,Toronto,CONCESSIONNAIRE,2025-11-05,"Chevrolet Volt 2018 de couleur blanc, 104 898 km, en tres bon etat mecanique et esthetique. Moteur hybride, faible consommation, transmission automatique. Inspection recente reussie. Vendeur situe a Toronto. Prix: 30 998 $ CAD."
140,Ford,F-150,2023,500,77814,HYBRIDE,AUTOMATIQUE,Noir,Toronto,CONCESSIONNAIRE,2026-06-29,"Cette Ford F-150 2023 (500 km) est en excellent etat. Carburant: hybride, faible consommation, transmission automatique, couleur noir. Vehicule non accidente, deuxieme proprietaire. Localisation: Toronto. Prix affiche: 77 814 $ CAD, faire une offre."
141,Jeep,Grand,2022,500,91975,ELECTRIQUE,AUTOMATIQUE,Blanc,Winnipeg,CONCESSIONNAIRE,2025-06-22,"Jeep Grand 2022 de couleur blanc, 500 km, en tres bon etat mecanique et esthetique. Moteur 100% electrique, zero emission, transmission automatique. Inspection recente reussie. Vendeur situe a Winnipeg. Prix: 91 975 $ CAD."
142,Chevrolet,Silverado,2017,168000,26995,ESSENCE,MANUELLE,Rouge,Calgary,CONCESSIONNAIRE,2026-01-06,"Occasion a saisir: Chevrolet Silverado 2017, seulement 168 000 km. Vehicule a essence, transmission manuelle, entretien fait chez le concessionnaire. Pneus quatre saisons inclus, parfait pour le climat de Calgary. Prix: 26 995 $."
143,Hyundai,Sonata,2017,150913,22995,HYBRIDE,MANUELLE,Noir,Regina,CONCESSIONNAIRE,2025-09-01,"Superbe Hyundai Sonata 2017 en excellente condition, 150 913 km. Entretien regulier effectue, carnet complet disponible. Vehicule hybride, faible consommation, transmission manuelle. Interieur propre et non-fumeur. Idealement situe a Regina. Prix: 22 995 $ CAD, negociable."
144,Chevrolet,Cruze,2014,136523,11995,ESSENCE,MANUELLE,Noir,Montreal,CONCESSIONNAIRE,2026-04-04,"Superbe Chevrolet Cruze 2014 en excellente condition, 136 523 km. Entretien regulier effectue, carnet complet disponible. Vehicule a essence, transmission manuelle. Interieur propre et non-fumeur. Idealement situe a Montreal. Prix: 11 995 $ CAD, negociable."
145,Nissan,Altima,2018,23465,25888,ESSENCE,MANUELLE,Brun,Vancouver,CONCESSIONNAIRE,2025-07-09,"Nissan Altima 2018 de couleur brun, 23 465 km, en tres bon etat mecanique et esthetique. Moteur a essence, transmission manuelle. Inspection recente reussie. Vendeur situe a Vancouver. Prix: 25 888 $ CAD."
146,Kia,Sorento,2022,6497,62999,HYBRIDE,AUTOMATIQUE,Gris,Calgary,PARTICULIER,2025-07-28,"Cette Kia Sorento 2022 (6 497 km) est en excellent etat. Carburant: hybride, faible consommation, transmission automatique, couleur gris. Vehicule non accidente, deuxieme proprietaire. Localisation: Calgary. Prix affiche: 62 999 $ CAD, faire une offre."
147,Nissan,LEAF,2019,80000,31850,ELECTRIQUE,AUTOMATIQUE,Blanc,Kitchener,CONCESSIONNAIRE,2026-02-26,"A vendre Nissan LEAF 2019, 80 000 km au compteur. 100% electrique, zero emission avec transmission automatique, tres fiable pour la conduite hivernale canadienne. Couleur blanc, aucun accident rapporte. Disponible a Kitchener. Prix demande: 31 850 $."
148,Jaguar,F-Pace,2017,101782,34850,DIESEL,MANUELLE,Noir,Montreal,CONCESSIONNAIRE,2026-03-06,"Cette Jaguar F-Pace 2017 (101 782 km) est en excellent etat. Carburant: diesel, economique en carburant, transmission manuelle, couleur noir. Vehicule non accidente, deuxieme proprietaire. Localisation: Montreal. Prix affiche: 34 850 $ CAD, faire une offre."
149,Porsche,Cayenne,2015,194826,37995,DIESEL,AUTOMATIQUE,Noir,Saskatoon,CONCESSIONNAIRE,2026-02-19,"A vendre Porsche Cayenne 2015, 194 826 km au compteur. Diesel, economique en carburant avec transmission automatique, tres fiable pour la conduite hivernale canadienne. Couleur noir, aucun accident rapporte. Disponible a Saskatoon. Prix demande: 37 995 $."
150,Porsche,Cayenne,2015,63415,47898,DIESEL,MANUELLE,Bleu,Sherbrooke,PARTICULIER,2025-07-05,"Cette Porsche Cayenne 2015 (63 415 km) est en excellent etat. Carburant: diesel, economique en carburant, transmission manuelle, couleur bleu. Vehicule non accidente, deuxieme proprietaire. Localisation: Sherbrooke. Prix affiche: 47 898 $ CAD, faire une offre."
151,Kia,EV6,2023,500,71602,ELECTRIQUE,AUTOMATIQUE,Rouge,Trois-Rivieres,CONCESSIONNAIRE,2026-05-04,"Occasion a saisir: Kia EV6 2023, seulement 500 km. Vehicule 100% electrique, zero emission, transmission automatique, entretien fait chez le concessionnaire. Pneus quatre saisons inclus, parfait pour le climat de Trois-Rivieres. Prix: 71 602 $."
152,Jeep,Compass,2023,500,50403,ESSENCE,AUTOMATIQUE,Blanc,Montreal,PARTICULIER,2026-05-31,"A vendre Jeep Compass 2023, 500 km au compteur. A essence avec transmission automatique, tres fiable pour la conduite hivernale canadienne. Couleur blanc, aucun accident rapporte. Disponible a Montreal. Prix demande: 50 403 $."
153,Mazda,Mazda3,2023,500,28050,ESSENCE,MANUELLE,Gris,Calgary,PARTICULIER,2026-04-26,"Superbe Mazda Mazda3 2023 en excellente condition, 500 km. Entretien regulier effectue, carnet complet disponible. Vehicule a essence, transmission manuelle. Interieur propre et non-fumeur. Idealement situe a Calgary. Prix: 28 050 $ CAD, negociable."
154,Tesla,Model 3,2021,22950,49995,ELECTRIQUE,AUTOMATIQUE,Blanc,Kitchener,CONCESSIONNAIRE,2026-02-10,"A vendre Tesla Model 3 2021, 22 950 km au compteur. 100% electrique, zero emission avec transmission automatique, tres fiable pour la conduite hivernale canadienne. Couleur blanc, aucun accident rapporte. Disponible a Kitchener. Prix demande: 49 995 $."
155,Toyota,RAV4 Prime,2023,19707,47755,HYBRIDE_RECHARGEABLE,AUTOMATIQUE,Bordeaux,Quebec,CONCESSIONNAIRE,2026-03-05,"A vendre Toyota RAV4 Prime 2023, 19 707 km au compteur. Hybride rechargeable (phev) avec transmission automatique, tres fiable pour la conduite hivernale canadienne. Couleur bordeaux, aucun accident rapporte. Disponible a Quebec. Prix demande: 47 755 $."
156,Chrysler,Pacifica Hybrid,2020,58696,33105,HYBRIDE_RECHARGEABLE,AUTOMATIQUE,Beige,Toronto,CONCESSIONNAIRE,2026-06-19,"A vendre Chrysler Pacifica Hybrid 2020, 58 696 km au compteur. Hybride rechargeable (phev) avec transmission automatique, tres fiable pour la conduite hivernale canadienne. Couleur beige, aucun accident rapporte. Disponible a Toronto. Prix demande: 33 105 $."
157,Porsche,Panamera,2011,115115,32000,ESSENCE,AUTOMATIQUE,Rouge,Montreal,CONCESSIONNAIRE,2026-07-05,"Superbe Porsche Panamera 2011 en excellente condition, 115 115 km. Entretien regulier effectue, carnet complet disponible. Vehicule a essence, transmission automatique. Interieur propre et non-fumeur. Idealement situe a Montreal. Prix: 32 000 $ CAD, negociable."
158,Hyundai,Kona,2021,28441,43990,ELECTRIQUE,AUTOMATIQUE,Gris,Calgary,CONCESSIONNAIRE,2025-12-29,"Cette Hyundai Kona 2021 (28 441 km) est en excellent etat. Carburant: 100% electrique, zero emission, transmission automatique, couleur gris. Vehicule non accidente, deuxieme proprietaire. Localisation: Calgary. Prix affiche: 43 990 $ CAD, faire une offre."
159,Jeep,Wrangler,2023,500,83075,HYBRIDE,AUTOMATIQUE,Noir,Ottawa,PARTICULIER,2026-07-16,"Jeep Wrangler 2023 de couleur noir, 500 km, en tres bon etat mecanique et esthetique. Moteur hybride, faible consommation, transmission automatique. Inspection recente reussie. Vendeur situe a Ottawa. Prix: 83 075 $ CAD."
160,Ford,Escape,2023,300,45489,HYBRIDE_RECHARGEABLE,AUTOMATIQUE,Beige,Trois-Rivieres,CONCESSIONNAIRE,2025-12-29,"Ford Escape 2023 de couleur beige, 300 km, en tres bon etat mecanique et esthetique. Moteur hybride rechargeable (PHEV), transmission automatique. Inspection recente reussie. Vendeur situe a Trois-Rivieres. Prix: 45 489 $ CAD."
161,Chrysler,Pacifica Hybrid,2021,50175,40732,HYBRIDE_RECHARGEABLE,AUTOMATIQUE,Brun,Mississauga,CONCESSIONNAIRE,2025-06-14,"Cette Chrysler Pacifica Hybrid 2021 (50 175 km) est en excellent etat. Carburant: hybride rechargeable (PHEV), transmission automatique, couleur brun. Vehicule non accidente, deuxieme proprietaire. Localisation: Mississauga. Prix affiche: 40 732 $ CAD, faire une offre."
162,Jeep,Grand,2023,500,86275,ELECTRIQUE,AUTOMATIQUE,Blanc,St. John's,CONCESSIONNAIRE,2026-01-27,"Cette Jeep Grand 2023 (500 km) est en excellent etat. Carburant: 100% electrique, zero emission, transmission automatique, couleur blanc. Vehicule non accidente, deuxieme proprietaire. Localisation: St. John's. Prix affiche: 86 275 $ CAD, faire une offre."
163,Ford,Transit,2016,243304,23695,DIESEL,MANUELLE,Blanc,Vancouver,CONCESSIONNAIRE,2025-09-12,"Superbe Ford Transit 2016 en excellente condition, 243 304 km. Entretien regulier effectue, carnet complet disponible. Vehicule diesel, economique en carburant, transmission manuelle. Interieur propre et non-fumeur. Idealement situe a Vancouver. Prix: 23 695 $ CAD, negociable."
164,Ford,Escape,2013,199698,8990,ESSENCE,MANUELLE,Rouge,Toronto,CONCESSIONNAIRE,2025-12-13,"Ford Escape 2013 de couleur rouge, 199 698 km, en tres bon etat mecanique et esthetique. Moteur a essence, transmission manuelle. Inspection recente reussie. Vendeur situe a Toronto. Prix: 8 990 $ CAD."
165,Ford,Escape,2022,300,56708,HYBRIDE_RECHARGEABLE,AUTOMATIQUE,Gris,Toronto,PARTICULIER,2026-02-26,"Cette Ford Escape 2022 (300 km) est en excellent etat. Carburant: hybride rechargeable (PHEV), transmission automatique, couleur gris. Vehicule non accidente, deuxieme proprietaire. Localisation: Toronto. Prix affiche: 56 708 $ CAD, faire une offre."
166,Chevrolet,Silverado,2021,19611,48694,ESSENCE,AUTOMATIQUE,Blanc,Calgary,CONCESSIONNAIRE,2025-08-18,"Superbe Chevrolet Silverado 2021 en excellente condition, 19 611 km. Entretien regulier effectue, carnet complet disponible. Vehicule a essence, transmission automatique. Interieur propre et non-fumeur. Idealement situe a Calgary. Prix: 48 694 $ CAD, negociable."
167,BMW,X3,2021,45815,84999,ESSENCE,MANUELLE,Noir,Saskatoon,CONCESSIONNAIRE,2026-06-16,"Cette BMW X3 2021 (45 815 km) est en excellent etat. Carburant: a essence, transmission manuelle, couleur noir. Vehicule non accidente, deuxieme proprietaire. Localisation: Saskatoon. Prix affiche: 84 999 $ CAD, faire une offre."
168,BMW,5,2016,156000,19995,DIESEL,AUTOMATIQUE,Gris,Montreal,PARTICULIER,2025-12-23,"A vendre BMW 5 2016, 156 000 km au compteur. Diesel, economique en carburant avec transmission automatique, tres fiable pour la conduite hivernale canadienne. Couleur gris, aucun accident rapporte. Disponible a Montreal. Prix demande: 19 995 $."
169,Ford,Escape,2011,65017,12495,ESSENCE,MANUELLE,Bleu,Montreal,CONCESSIONNAIRE,2026-04-23,"Occasion a saisir: Ford Escape 2011, seulement 65 017 km. Vehicule a essence, transmission manuelle, entretien fait chez le concessionnaire. Pneus quatre saisons inclus, parfait pour le climat de Montreal. Prix: 12 495 $."
170,Mercedes-Benz,GLS450,2018,62584,68995,ESSENCE,AUTOMATIQUE,Noir,Quebec,PARTICULIER,2026-02-19,"Mercedes-Benz GLS450 2018 de couleur noir, 62 584 km, en tres bon etat mecanique et esthetique. Moteur a essence, transmission automatique. Inspection recente reussie. Vendeur situe a Quebec. Prix: 68 995 $ CAD."
171,Ford,F-150,2023,500,78250,HYBRIDE,AUTOMATIQUE,Blanc,Halifax,PARTICULIER,2025-09-05,"A vendre Ford F-150 2023, 500 km au compteur. Hybride, faible consommation avec transmission automatique, tres fiable pour la conduite hivernale canadienne. Couleur blanc, aucun accident rapporte. Disponible a Halifax. Prix demande: 78 250 $."
172,Alfa Romeo,Romeo,2023,500,69204,ESSENCE,AUTOMATIQUE,Blanc,Surrey,CONCESSIONNAIRE,2025-10-20,"A vendre Alfa Romeo Romeo 2023, 500 km au compteur. A essence avec transmission automatique, tres fiable pour la conduite hivernale canadienne. Couleur blanc, aucun accident rapporte. Disponible a Surrey. Prix demande: 69 204 $."
173,Volvo,XC40,2021,36519,46980,ESSENCE,MANUELLE,Argent,Toronto,CONCESSIONNAIRE,2026-08-04,"Volvo XC40 2021 de couleur argent, 36 519 km, en tres bon etat mecanique et esthetique. Moteur a essence, transmission manuelle. Inspection recente reussie. Vendeur situe a Toronto. Prix: 46 980 $ CAD."
174,Ford,Escape PHEV,2021,30917,31346,HYBRIDE_RECHARGEABLE,AUTOMATIQUE,Gris,Laval,PARTICULIER,2026-02-13,"A vendre Ford Escape PHEV 2021, 30 917 km au compteur. Hybride rechargeable (phev) avec transmission automatique, tres fiable pour la conduite hivernale canadienne. Couleur gris, aucun accident rapporte. Disponible a Laval. Prix demande: 31 346 $."
175,GMC,Sierra,2023,500,72483,ESSENCE,AUTOMATIQUE,Blanc,London,CONCESSIONNAIRE,2025-10-12,"GMC Sierra 2023 de couleur blanc, 500 km, en tres bon etat mecanique et esthetique. Moteur a essence, transmission automatique. Inspection recente reussie. Vendeur situe a London. Prix: 72 483 $ CAD."
176,Volkswagen,Golf,2018,32922,22690,ESSENCE,MANUELLE,Blanc,Toronto,CONCESSIONNAIRE,2026-01-05,"Superbe Volkswagen Golf 2018 en excellente condition, 32 922 km. Entretien regulier effectue, carnet complet disponible. Vehicule a essence, transmission manuelle. Interieur propre et non-fumeur. Idealement situe a Toronto. Prix: 22 690 $ CAD, negociable."
177,GMC,Terrain,2019,98200,33500,ESSENCE,AUTOMATIQUE,Rouge,Calgary,CONCESSIONNAIRE,2025-11-27,"Occasion a saisir: GMC Terrain 2019, seulement 98 200 km. Vehicule a essence, transmission automatique, entretien fait chez le concessionnaire. Pneus quatre saisons inclus, parfait pour le climat de Calgary. Prix: 33 500 $."
178,Honda,Accord,2022,35377,40855,ESSENCE,AUTOMATIQUE,Blanc,Quebec,PARTICULIER,2025-08-10,"Cette Honda Accord 2022 (35 377 km) est en excellent etat. Carburant: a essence, transmission automatique, couleur blanc. Vehicule non accidente, deuxieme proprietaire. Localisation: Quebec. Prix affiche: 40 855 $ CAD, faire une offre."
179,MINI,Cooper,2019,28936,25990,ESSENCE,AUTOMATIQUE,Gris,Montreal,PARTICULIER,2026-09-02,"Occasion a saisir: MINI Cooper 2019, seulement 28 936 km. Vehicule a essence, transmission automatique, entretien fait chez le concessionnaire. Pneus quatre saisons inclus, parfait pour le climat de Montreal. Prix: 25 990 $."
180,Ford,Escape,2022,500,50976,HYBRIDE,AUTOMATIQUE,Gris,Hamilton,CONCESSIONNAIRE,2025-08-05,"Ford Escape 2022 de couleur gris, 500 km, en tres bon etat mecanique et esthetique. Moteur hybride, faible consommation, transmission automatique. Inspection recente reussie. Vendeur situe a Hamilton. Prix: 50 976 $ CAD."
181,Tesla,Model X,2016,46500,89777,ELECTRIQUE,AUTOMATIQUE,Rouge,St. John's,PARTICULIER,2025-12-31,"Tesla Model X 2016 de couleur rouge, 46 500 km, en tres bon etat mecanique et esthetique. Moteur 100% electrique, zero emission, transmission automatique. Inspection recente reussie. Vendeur situe a St. John's. Prix: 89 777 $ CAD."
182,Ford,Escape,2022,300,56708,HYBRIDE_RECHARGEABLE,AUTOMATIQUE,Noir,Laval,PARTICULIER,2026-04-04,"A vendre Ford Escape 2022, 300 km au compteur. Hybride rechargeable (phev) avec transmission automatique, tres fiable pour la conduite hivernale canadienne. Couleur noir, aucun accident rapporte. Disponible a Laval. Prix demande: 56 708 $."
183,Ford,F-150,2014,233000,14995,ESSENCE,AUTOMATIQUE,Noir,Toronto,PARTICULIER,2026-01-25,"A vendre Ford F-150 2014, 233 000 km au compteur. A essence avec transmission automatique, tres fiable pour la conduite hivernale canadienne. Couleur noir, aucun accident rapporte. Disponible a Toronto. Prix demande: 14 995 $."
184,Honda,Clarity,2019,64988,35500,HYBRIDE,AUTOMATIQUE,Blanc,Quebec,PARTICULIER,2025-07-07,"Honda Clarity 2019 de couleur blanc, 64 988 km, en tres bon etat mecanique et esthetique. Moteur hybride, faible consommation, transmission automatique. Inspection recente reussie. Vendeur situe a Quebec. Prix: 35 500 $ CAD."
185,Volvo,C40,2023,500,77073,ELECTRIQUE,AUTOMATIQUE,Rouge,Surrey,CONCESSIONNAIRE,2026-05-06,"Cette Volvo C40 2023 (500 km) est en excellent etat. Carburant: 100% electrique, zero emission, transmission automatique, couleur rouge. Vehicule non accidente, deuxieme proprietaire. Localisation: Surrey. Prix affiche: 77 073 $ CAD, faire une offre."
186,Audi,Q5,2023,500,83643,HYBRIDE,AUTOMATIQUE,Noir,Saskatoon,PARTICULIER,2026-06-23,"Superbe Audi Q5 2023 en excellente condition, 500 km. Entretien regulier effectue, carnet complet disponible. Vehicule hybride, faible consommation, transmission automatique. Interieur propre et non-fumeur. Idealement situe a Saskatoon. Prix: 83 643 $ CAD, negociable."
187,Chevrolet,SILVERADO,2019,109638,58888,DIESEL,AUTOMATIQUE,Blanc,Vancouver,CONCESSIONNAIRE,2025-11-08,"Cette Chevrolet SILVERADO 2019 (109 638 km) est en excellent etat. Carburant: diesel, economique en carburant, transmission automatique, couleur blanc. Vehicule non accidente, deuxieme proprietaire. Localisation: Vancouver. Prix affiche: 58 888 $ CAD, faire une offre."
188,Ford,Escape,2022,300,57253,HYBRIDE_RECHARGEABLE,AUTOMATIQUE,Bleu,Calgary,CONCESSIONNAIRE,2025-12-16,"Superbe Ford Escape 2022 en excellente condition, 300 km. Entretien regulier effectue, carnet complet disponible. Vehicule hybride rechargeable (PHEV), transmission automatique. Interieur propre et non-fumeur. Idealement situe a Calgary. Prix: 57 253 $ CAD, negociable."
189,Ford,Fusion,2018,150000,22900,HYBRIDE,AUTOMATIQUE,Gris,Montreal,CONCESSIONNAIRE,2026-05-13,"Superbe Ford Fusion 2018 en excellente condition, 150 000 km. Entretien regulier effectue, carnet complet disponible. Vehicule hybride, faible consommation, transmission automatique. Interieur propre et non-fumeur. Idealement situe a Montreal. Prix: 22 900 $ CAD, negociable."
190,Ford,Escape PHEV,2021,32496,33218,HYBRIDE_RECHARGEABLE,AUTOMATIQUE,Noir,Montreal,CONCESSIONNAIRE,2025-11-15,"Superbe Ford Escape PHEV 2021 en excellente condition, 32 496 km. Entretien regulier effectue, carnet complet disponible. Vehicule hybride rechargeable (PHEV), transmission automatique. Interieur propre et non-fumeur. Idealement situe a Montreal. Prix: 33 218 $ CAD, negociable."
191,Jeep,WRANGLER,2023,500,55852,ESSENCE,MANUELLE,Vert,Toronto,CONCESSIONNAIRE,2026-04-07,"Jeep WRANGLER 2023 de couleur vert, 500 km, en tres bon etat mecanique et esthetique. Moteur a essence, transmission manuelle. Inspection recente reussie. Vendeur situe a Toronto. Prix: 55 852 $ CAD."
192,Tesla,Model X,2023,500,75900,ELECTRIQUE,AUTOMATIQUE,Blanc,London,CONCESSIONNAIRE,2026-04-28,"Occasion a saisir: Tesla Model X 2023, seulement 500 km. Vehicule 100% electrique, zero emission, transmission automatique, entretien fait chez le concessionnaire. Pneus quatre saisons inclus, parfait pour le climat de London. Prix: 75 900 $."
193,Infiniti,QX55,2023,500,63732,ESSENCE,AUTOMATIQUE,Blanc,Quebec,CONCESSIONNAIRE,2026-07-28,"A vendre Infiniti QX55 2023, 500 km au compteur. A essence avec transmission automatique, tres fiable pour la conduite hivernale canadienne. Couleur blanc, aucun accident rapporte. Disponible a Quebec. Prix demande: 63 732 $."
194,Porsche,Cayenne,2019,46538,78995,ESSENCE,AUTOMATIQUE,Noir,Edmonton,CONCESSIONNAIRE,2025-07-15,"A vendre Porsche Cayenne 2019, 46 538 km au compteur. A essence avec transmission automatique, tres fiable pour la conduite hivernale canadienne. Couleur noir, aucun accident rapporte. Disponible a Edmonton. Prix demande: 78 995 $."
195,Mercedes-Benz,GLE,2016,152842,32987,DIESEL,AUTOMATIQUE,Noir,Kelowna,PARTICULIER,2026-01-04,"Mercedes-Benz GLE 2016 de couleur noir, 152 842 km, en tres bon etat mecanique et esthetique. Moteur diesel, economique en carburant, transmission automatique. Inspection recente reussie. Vendeur situe a Kelowna. Prix: 32 987 $ CAD."
196,Tesla,Model 3,2020,71067,43777,ELECTRIQUE,AUTOMATIQUE,Blanc,Halifax,CONCESSIONNAIRE,2026-08-07,"Cette Tesla Model 3 2020 (71 067 km) est en excellent etat. Carburant: 100% electrique, zero emission, transmission automatique, couleur blanc. Vehicule non accidente, deuxieme proprietaire. Localisation: Halifax. Prix affiche: 43 777 $ CAD, faire une offre."
197,Hyundai,Ioniq,2017,151803,19999,ELECTRIQUE,AUTOMATIQUE,Noir,Winnipeg,CONCESSIONNAIRE,2026-04-05,"Occasion a saisir: Hyundai Ioniq 2017, seulement 151 803 km. Vehicule 100% electrique, zero emission, transmission automatique, entretien fait chez le concessionnaire. Pneus quatre saisons inclus, parfait pour le climat de Winnipeg. Prix: 19 999 $."
198,Nissan,Murano,2020,34499,37499,ESSENCE,AUTOMATIQUE,Blanc,London,CONCESSIONNAIRE,2026-02-20,"A vendre Nissan Murano 2020, 34 499 km au compteur. A essence avec transmission automatique, tres fiable pour la conduite hivernale canadienne. Couleur blanc, aucun accident rapporte. Disponible a London. Prix demande: 37 499 $."
199,Honda,CR-V,2020,40068,36938,ESSENCE,AUTOMATIQUE,Noir,Quebec,CONCESSIONNAIRE,2025-07-14,"Cette Honda CR-V 2020 (40 068 km) est en excellent etat. Carburant: a essence, transmission automatique, couleur noir. Vehicule non accidente, deuxieme proprietaire. Localisation: Quebec. Prix affiche: 36 938 $ CAD, faire une offre."
200,Nissan,LEAF,2014,97332,16900,ELECTRIQUE,AUTOMATIQUE,Blanc,Montreal,CONCESSIONNAIRE,2025-09-02,"Superbe Nissan LEAF 2014 en excellente condition, 97 332 km. Entretien regulier effectue, carnet complet disponible. Vehicule 100% electrique, zero emission, transmission automatique. Interieur propre et non-fumeur. Idealement situe a Montreal. Prix: 16 900 $ CAD, negociable."
201,Mitsubishi,Outlander PHEV,2021,42387,33736,HYBRIDE_RECHARGEABLE,AUTOMATIQUE,Blanc,Montreal,CONCESSIONNAIRE,2025-09-21,"A vendre Mitsubishi Outlander PHEV 2021, 42 387 km au compteur. Hybride rechargeable (phev) avec transmission automatique, tres fiable pour la conduite hivernale canadienne. Couleur blanc, aucun accident rapporte. Disponible a Montreal. Prix demande: 33 736 $."
202,Ford,Escape,2023,300,45399,HYBRIDE_RECHARGEABLE,AUTOMATIQUE,Beige,Quebec,CONCESSIONNAIRE,2026-02-27,"Occasion a saisir: Ford Escape 2023, seulement 300 km. Vehicule hybride rechargeable (PHEV), transmission automatique, entretien fait chez le concessionnaire. Pneus quatre saisons inclus, parfait pour le climat de Quebec. Prix: 45 399 $."
203,Mazda,Mazda3,2011,157000,6990,ESSENCE,MANUELLE,Bordeaux,Quebec,CONCESSIONNAIRE,2025-11-13,"Mazda Mazda3 2011 de couleur bordeaux, 157 000 km, en tres bon etat mecanique et esthetique. Moteur a essence, transmission manuelle. Inspection recente reussie. Vendeur situe a Quebec. Prix: 6 990 $ CAD."
204,Hyundai,Elantra,2023,788,35499,ESSENCE,MANUELLE,Gris,St. John's,PARTICULIER,2026-02-12,"Cette Hyundai Elantra 2023 (788 km) est en excellent etat. Carburant: a essence, transmission manuelle, couleur gris. Vehicule non accidente, deuxieme proprietaire. Localisation: St. John's. Prix affiche: 35 499 $ CAD, faire une offre."
205,Jaguar,I-Pace,2019,51072,69761,ELECTRIQUE,AUTOMATIQUE,Noir,Montreal,PARTICULIER,2026-06-29,"Occasion a saisir: Jaguar I-Pace 2019, seulement 51 072 km. Vehicule 100% electrique, zero emission, transmission automatique, entretien fait chez le concessionnaire. Pneus quatre saisons inclus, parfait pour le climat de Montreal. Prix: 69 761 $."
206,Honda,Civic,2020,93287,26590,ESSENCE,MANUELLE,Blanc,Montreal,PARTICULIER,2025-09-10,"Occasion a saisir: Honda Civic 2020, seulement 93 287 km. Vehicule a essence, transmission manuelle, entretien fait chez le concessionnaire. Pneus quatre saisons inclus, parfait pour le climat de Montreal. Prix: 26 590 $."
207,Jeep,Grand,2020,37642,51895,ESSENCE,AUTOMATIQUE,Argent,St. John's,CONCESSIONNAIRE,2026-05-08,"Superbe Jeep Grand 2020 en excellente condition, 37 642 km. Entretien regulier effectue, carnet complet disponible. Vehicule a essence, transmission automatique. Interieur propre et non-fumeur. Idealement situe a St. John's. Prix: 51 895 $ CAD, negociable."
208,Hyundai,Tucson,2022,6636,45588,HYBRIDE,AUTOMATIQUE,Gris,Montreal,PARTICULIER,2026-06-03,"Hyundai Tucson 2022 de couleur gris, 6 636 km, en tres bon etat mecanique et esthetique. Moteur hybride, faible consommation, transmission automatique. Inspection recente reussie. Vendeur situe a Montreal. Prix: 45 588 $ CAD."
209,Jeep,Wrangler,2023,500,79995,HYBRIDE,MANUELLE,Noir,Edmonton,CONCESSIONNAIRE,2026-03-23,"Occasion a saisir: Jeep Wrangler 2023, seulement 500 km. Vehicule hybride, faible consommation, transmission manuelle, entretien fait chez le concessionnaire. Pneus quatre saisons inclus, parfait pour le climat de Edmonton. Prix: 79 995 $."
210,Honda,Accord,2015,86533,24490,HYBRIDE,AUTOMATIQUE,Noir,Calgary,PARTICULIER,2025-10-26,"Honda Accord 2015 de couleur noir, 86 533 km, en tres bon etat mecanique et esthetique. Moteur hybride, faible consommation, transmission automatique. Inspection recente reussie. Vendeur situe a Calgary. Prix: 24 490 $ CAD."
211,Tesla,Model Y,2016,157635,68995,ELECTRIQUE,AUTOMATIQUE,Argent,Calgary,PARTICULIER,2025-10-02,"Superbe Tesla Model Y 2016 en excellente condition, 157 635 km. Entretien regulier effectue, carnet complet disponible. Vehicule 100% electrique, zero emission, transmission automatique. Interieur propre et non-fumeur. Idealement situe a Calgary. Prix: 68 995 $ CAD, negociable."
212,Ford,Escape,2022,500,44874,HYBRIDE,AUTOMATIQUE,Bleu,Winnipeg,CONCESSIONNAIRE,2025-10-24,"A vendre Ford Escape 2022, 500 km au compteur. Hybride, faible consommation avec transmission automatique, tres fiable pour la conduite hivernale canadienne. Couleur bleu, aucun accident rapporte. Disponible a Winnipeg. Prix demande: 44 874 $."
213,Buick,Regal,2012,213657,8590,ESSENCE,MANUELLE,Gris,Victoria,CONCESSIONNAIRE,2025-09-02,"Buick Regal 2012 de couleur gris, 213 657 km, en tres bon etat mecanique et esthetique. Moteur a essence, transmission manuelle. Inspection recente reussie. Vendeur situe a Victoria. Prix: 8 590 $ CAD."
214,Volvo,V60,2015,135200,16900,ESSENCE,AUTOMATIQUE,Rouge,Quebec,CONCESSIONNAIRE,2026-04-16,"A vendre Volvo V60 2015, 135 200 km au compteur. A essence avec transmission automatique, tres fiable pour la conduite hivernale canadienne. Couleur rouge, aucun accident rapporte. Disponible a Quebec. Prix demande: 16 900 $."
215,Infiniti,QX80,2023,500,91452,ESSENCE,MANUELLE,Beige,Winnipeg,PARTICULIER,2026-06-02,"Cette Infiniti QX80 2023 (500 km) est en excellent etat. Carburant: a essence, transmission manuelle, couleur beige. Vehicule non accidente, deuxieme proprietaire. Localisation: Winnipeg. Prix affiche: 91 452 $ CAD, faire une offre."
216,Volvo,XC90 Recharge,2020,53022,57143,HYBRIDE_RECHARGEABLE,AUTOMATIQUE,Brun,Ottawa,CONCESSIONNAIRE,2025-06-16,"Superbe Volvo XC90 Recharge 2020 en excellente condition, 53 022 km. Entretien regulier effectue, carnet complet disponible. Vehicule hybride rechargeable (PHEV), transmission automatique. Interieur propre et non-fumeur. Idealement situe a Ottawa. Prix: 57 143 $ CAD, negociable."
217,Toyota,RAV4 Prime,2023,16918,52050,HYBRIDE_RECHARGEABLE,AUTOMATIQUE,Beige,Halifax,CONCESSIONNAIRE,2025-11-17,"A vendre Toyota RAV4 Prime 2023, 16 918 km au compteur. Hybride rechargeable (phev) avec transmission automatique, tres fiable pour la conduite hivernale canadienne. Couleur beige, aucun accident rapporte. Disponible a Halifax. Prix demande: 52 050 $."
218,Infiniti,QX60,2022,11012,55988,ESSENCE,MANUELLE,Blanc,Toronto,CONCESSIONNAIRE,2026-03-29,"Cette Infiniti QX60 2022 (11 012 km) est en excellent etat. Carburant: a essence, transmission manuelle, couleur blanc. Vehicule non accidente, deuxieme proprietaire. Localisation: Toronto. Prix affiche: 55 988 $ CAD, faire une offre."
219,Ford,Escape PHEV,2021,33722,34724,HYBRIDE_RECHARGEABLE,AUTOMATIQUE,Gris,Montreal,CONCESSIONNAIRE,2026-04-27,"A vendre Ford Escape PHEV 2021, 33 722 km au compteur. Hybride rechargeable (phev) avec transmission automatique, tres fiable pour la conduite hivernale canadienne. Couleur gris, aucun accident rapporte. Disponible a Montreal. Prix demande: 34 724 $."
220,BMW,3,2023,500,70990,HYBRIDE,AUTOMATIQUE,Gris,Toronto,CONCESSIONNAIRE,2025-06-27,"Superbe BMW 3 2023 en excellente condition, 500 km. Entretien regulier effectue, carnet complet disponible. Vehicule hybride, faible consommation, transmission automatique. Interieur propre et non-fumeur. Idealement situe a Toronto. Prix: 70 990 $ CAD, negociable."
221,Honda,Odyssey,2018,53897,42350,ESSENCE,AUTOMATIQUE,Noir,Montreal,PARTICULIER,2026-05-03,"Superbe Honda Odyssey 2018 en excellente condition, 53 897 km. Entretien regulier effectue, carnet complet disponible. Vehicule a essence, transmission automatique. Interieur propre et non-fumeur. Idealement situe a Montreal. Prix: 42 350 $ CAD, negociable."
222,Ford,F-150,2023,500,74055,ESSENCE,AUTOMATIQUE,Blanc,Edmonton,PARTICULIER,2025-07-16,"Cette Ford F-150 2023 (500 km) est en excellent etat. Carburant: a essence, transmission automatique, couleur blanc. Vehicule non accidente, deuxieme proprietaire. Localisation: Edmonton. Prix affiche: 74 055 $ CAD, faire une offre."
223,Nissan,Sentra,2022,500,31990,ESSENCE,AUTOMATIQUE,Blanc,Vancouver,CONCESSIONNAIRE,2026-08-06,"Cette Nissan Sentra 2022 (500 km) est en excellent etat. Carburant: a essence, transmission automatique, couleur blanc. Vehicule non accidente, deuxieme proprietaire. Localisation: Vancouver. Prix affiche: 31 990 $ CAD, faire une offre."
224,Chevrolet,Silverado,2023,500,81948,DIESEL,AUTOMATIQUE,Noir,Winnipeg,CONCESSIONNAIRE,2026-08-31,"Occasion a saisir: Chevrolet Silverado 2023, seulement 500 km. Vehicule diesel, economique en carburant, transmission automatique, entretien fait chez le concessionnaire. Pneus quatre saisons inclus, parfait pour le climat de Winnipeg. Prix: 81 948 $."
225,Hyundai,Kona,2021,21656,35890,ESSENCE,AUTOMATIQUE,Gris,Montreal,CONCESSIONNAIRE,2025-08-09,"Superbe Hyundai Kona 2021 en excellente condition, 21 656 km. Entretien regulier effectue, carnet complet disponible. Vehicule a essence, transmission automatique. Interieur propre et non-fumeur. Idealement situe a Montreal. Prix: 35 890 $ CAD, negociable."
226,Hyundai,Sonata,2013,166000,10990,HYBRIDE,AUTOMATIQUE,Noir,Montreal,PARTICULIER,2026-08-02,"Superbe Hyundai Sonata 2013 en excellente condition, 166 000 km. Entretien regulier effectue, carnet complet disponible. Vehicule hybride, faible consommation, transmission automatique. Interieur propre et non-fumeur. Idealement situe a Montreal. Prix: 10 990 $ CAD, negociable."
227,Volkswagen,Passat,2013,145000,12000,DIESEL,AUTOMATIQUE,Blanc,Surrey,PARTICULIER,2025-11-07,"Occasion a saisir: Volkswagen Passat 2013, seulement 145 000 km. Vehicule diesel, economique en carburant, transmission automatique, entretien fait chez le concessionnaire. Pneus quatre saisons inclus, parfait pour le climat de Surrey. Prix: 12 000 $."
228,Nissan,Rogue,2023,500,36667,ESSENCE,AUTOMATIQUE,Noir,Montreal,CONCESSIONNAIRE,2026-07-05,"A vendre Nissan Rogue 2023, 500 km au compteur. A essence avec transmission automatique, tres fiable pour la conduite hivernale canadienne. Couleur noir, aucun accident rapporte. Disponible a Montreal. Prix demande: 36 667 $."
229,Ford,F-150,2023,500,79816,HYBRIDE,AUTOMATIQUE,Noir,Sherbrooke,CONCESSIONNAIRE,2025-10-24,"Superbe Ford F-150 2023 en excellente condition, 500 km. Entretien regulier effectue, carnet complet disponible. Vehicule hybride, faible consommation, transmission automatique. Interieur propre et non-fumeur. Idealement situe a Sherbrooke. Prix: 79 816 $ CAD, negociable."
230,BMW,3,2021,19145,53980,HYBRIDE,MANUELLE,Blanc,Toronto,PARTICULIER,2025-07-07,"BMW 3 2021 de couleur blanc, 19 145 km, en tres bon etat mecanique et esthetique. Moteur hybride, faible consommation, transmission manuelle. Inspection recente reussie. Vendeur situe a Toronto. Prix: 53 980 $ CAD."
231,Toyota,RAV4 Prime,2022,27802,44092,HYBRIDE_RECHARGEABLE,AUTOMATIQUE,Rouge,Vancouver,CONCESSIONNAIRE,2026-02-11,"Toyota RAV4 Prime 2022 de couleur rouge, 27 802 km, en tres bon etat mecanique et esthetique. Moteur hybride rechargeable (PHEV), transmission automatique. Inspection recente reussie. Vendeur situe a Vancouver. Prix: 44 092 $ CAD."
232,BMW,X3,2023,1210,74588,ESSENCE,AUTOMATIQUE,Gris,Kitchener,CONCESSIONNAIRE,2026-01-10,"Superbe BMW X3 2023 en excellente condition, 1 210 km. Entretien regulier effectue, carnet complet disponible. Vehicule a essence, transmission automatique. Interieur propre et non-fumeur. Idealement situe a Kitchener. Prix: 74 588 $ CAD, negociable."
233,Jeep,Compass,2023,500,54770,ESSENCE,AUTOMATIQUE,Beige,Mississauga,CONCESSIONNAIRE,2026-02-08,"Superbe Jeep Compass 2023 en excellente condition, 500 km. Entretien regulier effectue, carnet complet disponible. Vehicule a essence, transmission automatique. Interieur propre et non-fumeur. Idealement situe a Mississauga. Prix: 54 770 $ CAD, negociable."
234,Mercedes-Benz,CLS,2019,49000,73800,HYBRIDE,AUTOMATIQUE,Gris,Mississauga,CONCESSIONNAIRE,2026-08-28,"Superbe Mercedes-Benz CLS 2019 en excellente condition, 49 000 km. Entretien regulier effectue, carnet complet disponible. Vehicule hybride, faible consommation, transmission automatique. Interieur propre et non-fumeur. Idealement situe a Mississauga. Prix: 73 800 $ CAD, negociable."
235,Ford,Fusion,2018,162700,24999,HYBRIDE,AUTOMATIQUE,Rouge,Hamilton,CONCESSIONNAIRE,2026-01-22,"Superbe Ford Fusion 2018 en excellente condition, 162 700 km. Entretien regulier effectue, carnet complet disponible. Vehicule hybride, faible consommation, transmission automatique. Interieur propre et non-fumeur. Idealement situe a Hamilton. Prix: 24 999 $ CAD, negociable."
236,Acura,RDX,2016,81000,24880,ESSENCE,MANUELLE,Blanc,Mississauga,CONCESSIONNAIRE,2026-07-02,"Acura RDX 2016 de couleur blanc, 81 000 km, en tres bon etat mecanique et esthetique. Moteur a essence, transmission manuelle. Inspection recente reussie. Vendeur situe a Mississauga. Prix: 24 880 $ CAD."
237,Hyundai,Elantra,2022,13683,38295,HYBRIDE,AUTOMATIQUE,Bleu,Montreal,CONCESSIONNAIRE,2026-02-19,"A vendre Hyundai Elantra 2022, 13 683 km au compteur. Hybride, faible consommation avec transmission automatique, tres fiable pour la conduite hivernale canadienne. Couleur bleu, aucun accident rapporte. Disponible a Montreal. Prix demande: 38 295 $."
238,Nissan,Rogue,2019,174000,18995,ESSENCE,MANUELLE,Noir,Halifax,CONCESSIONNAIRE,2026-08-12,"Cette Nissan Rogue 2019 (174 000 km) est en excellent etat. Carburant: a essence, transmission manuelle, couleur noir. Vehicule non accidente, deuxieme proprietaire. Localisation: Halifax. Prix affiche: 18 995 $ CAD, faire une offre."
239,Ford,Fusion,2015,121416,15795,ESSENCE,MANUELLE,Argent,Laval,PARTICULIER,2025-11-05,"Cette Ford Fusion 2015 (121 416 km) est en excellent etat. Carburant: a essence, transmission manuelle, couleur argent. Vehicule non accidente, deuxieme proprietaire. Localisation: Laval. Prix affiche: 15 795 $ CAD, faire une offre."
240,Chevrolet,Volt,2017,127000,18997,HYBRIDE,AUTOMATIQUE,Noir,Regina,CONCESSIONNAIRE,2025-09-05,"Superbe Chevrolet Volt 2017 en excellente condition, 127 000 km. Entretien regulier effectue, carnet complet disponible. Vehicule hybride, faible consommation, transmission automatique. Interieur propre et non-fumeur. Idealement situe a Regina. Prix: 18 997 $ CAD, negociable."
241,Ford,Fusion,2010,86800,12499,HYBRIDE,AUTOMATIQUE,Blanc,Regina,PARTICULIER,2026-02-19,"Cette Ford Fusion 2010 (86 800 km) est en excellent etat. Carburant: hybride, faible consommation, transmission automatique, couleur blanc. Vehicule non accidente, deuxieme proprietaire. Localisation: Regina. Prix affiche: 12 499 $ CAD, faire une offre."
242,Volvo,XC60 Recharge,2021,37699,50408,HYBRIDE_RECHARGEABLE,AUTOMATIQUE,Blanc,Calgary,CONCESSIONNAIRE,2026-01-04,"Occasion a saisir: Volvo XC60 Recharge 2021, seulement 37 699 km. Vehicule hybride rechargeable (PHEV), transmission automatique, entretien fait chez le concessionnaire. Pneus quatre saisons inclus, parfait pour le climat de Calgary. Prix: 50 408 $."
243,GMC,Sierra,2020,72000,61901,DIESEL,AUTOMATIQUE,Noir,Winnipeg,PARTICULIER,2026-01-15,"Superbe GMC Sierra 2020 en excellente condition, 72 000 km. Entretien regulier effectue, carnet complet disponible. Vehicule diesel, economique en carburant, transmission automatique. Interieur propre et non-fumeur. Idealement situe a Winnipeg. Prix: 61 901 $ CAD, negociable."
244,Subaru,Crosstrek,2020,32699,31831,ESSENCE,AUTOMATIQUE,Gris,Toronto,CONCESSIONNAIRE,2026-01-18,"Cette Subaru Crosstrek 2020 (32 699 km) est en excellent etat. Carburant: a essence, transmission automatique, couleur gris. Vehicule non accidente, deuxieme proprietaire. Localisation: Toronto. Prix affiche: 31 831 $ CAD, faire une offre."
245,Nissan,LEAF,2015,103670,14999,ELECTRIQUE,AUTOMATIQUE,Vert,Quebec,PARTICULIER,2026-05-01,"A vendre Nissan LEAF 2015, 103 670 km au compteur. 100% electrique, zero emission avec transmission automatique, tres fiable pour la conduite hivernale canadienne. Couleur vert, aucun accident rapporte. Disponible a Quebec. Prix demande: 14 999 $."
246,Jeep,Grand,2018,73666,43399,DIESEL,AUTOMATIQUE,Noir,Halifax,CONCESSIONNAIRE,2026-04-13,"Cette Jeep Grand 2018 (73 666 km) est en excellent etat. Carburant: diesel, economique en carburant, transmission automatique, couleur noir. Vehicule non accidente, deuxieme proprietaire. Localisation: Halifax. Prix affiche: 43 399 $ CAD, faire une offre."
247,Dodge,Caravan,2010,144938,11988,ESSENCE,AUTOMATIQUE,Blanc,Calgary,CONCESSIONNAIRE,2025-11-27,"Cette Dodge Caravan 2010 (144 938 km) est en excellent etat. Carburant: a essence, transmission automatique, couleur blanc. Vehicule non accidente, deuxieme proprietaire. Localisation: Calgary. Prix affiche: 11 988 $ CAD, faire une offre."
248,Audi,Q7,2019,80625,48639,ESSENCE,MANUELLE,Argent,Montreal,PARTICULIER,2026-05-17,"Audi Q7 2019 de couleur argent, 80 625 km, en tres bon etat mecanique et esthetique. Moteur a essence, transmission manuelle. Inspection recente reussie. Vendeur situe a Montreal. Prix: 48 639 $ CAD."
249,Chevrolet,Equinox,2019,162444,19377,ESSENCE,AUTOMATIQUE,Blanc,Vancouver,CONCESSIONNAIRE,2026-01-23,"Chevrolet Equinox 2019 de couleur blanc, 162 444 km, en tres bon etat mecanique et esthetique. Moteur a essence, transmission automatique. Inspection recente reussie. Vendeur situe a Vancouver. Prix: 19 377 $ CAD."
250,Chevrolet,Cruze,2017,157200,15000,HYBRIDE,AUTOMATIQUE,Blanc,Hamilton,CONCESSIONNAIRE,2026-02-04,"A vendre Chevrolet Cruze 2017, 157 200 km au compteur. Hybride, faible consommation avec transmission automatique, tres fiable pour la conduite hivernale canadienne. Couleur blanc, aucun accident rapporte. Disponible a Hamilton. Prix demande: 15 000 $."
251,Volvo,S90,2023,500,81262,ESSENCE,AUTOMATIQUE,Noir,Mississauga,CONCESSIONNAIRE,2026-07-04,"Cette Volvo S90 2023 (500 km) est en excellent etat. Carburant: a essence, transmission automatique, couleur noir. Vehicule non accidente, deuxieme proprietaire. Localisation: Mississauga. Prix affiche: 81 262 $ CAD, faire une offre."
252,Volkswagen,Tiguan,2022,37000,39700,ESSENCE,AUTOMATIQUE,Argent,Montreal,CONCESSIONNAIRE,2025-10-17,"Volkswagen Tiguan 2022 de couleur argent, 37 000 km, en tres bon etat mecanique et esthetique. Moteur a essence, transmission automatique. Inspection recente reussie. Vendeur situe a Montreal. Prix: 39 700 $ CAD."
253,Hyundai,Sonata,2016,166000,13990,ESSENCE,AUTOMATIQUE,Noir,Kitchener,CONCESSIONNAIRE,2025-10-11,"Hyundai Sonata 2016 de couleur noir, 166 000 km, en tres bon etat mecanique et esthetique. Moteur a essence, transmission automatique. Inspection recente reussie. Vendeur situe a Kitchener. Prix: 13 990 $ CAD."
254,Ford,Escape,2022,500,46824,HYBRIDE,AUTOMATIQUE,Bleu,Halifax,CONCESSIONNAIRE,2026-06-21,"Superbe Ford Escape 2022 en excellente condition, 500 km. Entretien regulier effectue, carnet complet disponible. Vehicule hybride, faible consommation, transmission automatique. Interieur propre et non-fumeur. Idealement situe a Halifax. Prix: 46 824 $ CAD, negociable."
255,Chevrolet,Silverado,2023,500,73203,DIESEL,AUTOMATIQUE,Noir,Quebec,PARTICULIER,2025-09-21,"Occasion a saisir: Chevrolet Silverado 2023, seulement 500 km. Vehicule diesel, economique en carburant, transmission automatique, entretien fait chez le concessionnaire. Pneus quatre saisons inclus, parfait pour le climat de Quebec. Prix: 73 203 $."
256,GMC,Sierra,2023,500,78023,DIESEL,AUTOMATIQUE,Bleu,Montreal,CONCESSIONNAIRE,2025-11-14,"GMC Sierra 2023 de couleur bleu, 500 km, en tres bon etat mecanique et esthetique. Moteur diesel, economique en carburant, transmission automatique. Inspection recente reussie. Vendeur situe a Montreal. Prix: 78 023 $ CAD."
257,Toyota,RAV4 Prime,2023,20025,51595,HYBRIDE_RECHARGEABLE,AUTOMATIQUE,Beige,Gatineau,CONCESSIONNAIRE,2025-08-06,"Toyota RAV4 Prime 2023 de couleur beige, 20 025 km, en tres bon etat mecanique et esthetique. Moteur hybride rechargeable (PHEV), transmission automatique. Inspection recente reussie. Vendeur situe a Gatineau. Prix: 51 595 $ CAD."
258,GMC,Sierra,2023,500,71223,DIESEL,AUTOMATIQUE,Blanc,Quebec,CONCESSIONNAIRE,2025-06-30,"Superbe GMC Sierra 2023 en excellente condition, 500 km. Entretien regulier effectue, carnet complet disponible. Vehicule diesel, economique en carburant, transmission automatique. Interieur propre et non-fumeur. Idealement situe a Quebec. Prix: 71 223 $ CAD, negociable."
259,GMC,Canyon,2020,77400,37495,DIESEL,MANUELLE,Blanc,Toronto,PARTICULIER,2026-06-03,"A vendre GMC Canyon 2020, 77 400 km au compteur. Diesel, economique en carburant avec transmission manuelle, tres fiable pour la conduite hivernale canadienne. Couleur blanc, aucun accident rapporte. Disponible a Toronto. Prix demande: 37 495 $."
260,Ford,E-Transit,2023,500,83415,ELECTRIQUE,AUTOMATIQUE,Blanc,Ottawa,PARTICULIER,2026-02-05,"Superbe Ford E-Transit 2023 en excellente condition, 500 km. Entretien regulier effectue, carnet complet disponible. Vehicule 100% electrique, zero emission, transmission automatique. Interieur propre et non-fumeur. Idealement situe a Ottawa. Prix: 83 415 $ CAD, negociable."
261,Volvo,XC40,2023,500,60387,ESSENCE,AUTOMATIQUE,Blanc,Montreal,CONCESSIONNAIRE,2026-01-06,"Superbe Volvo XC40 2023 en excellente condition, 500 km. Entretien regulier effectue, carnet complet disponible. Vehicule a essence, transmission automatique. Interieur propre et non-fumeur. Idealement situe a Montreal. Prix: 60 387 $ CAD, negociable."
262,Jeep,Grand,2023,500,85825,ESSENCE,AUTOMATIQUE,Blanc,Vancouver,PARTICULIER,2026-01-19,"Cette Jeep Grand 2023 (500 km) est en excellent etat. Carburant: a essence, transmission automatique, couleur blanc. Vehicule non accidente, deuxieme proprietaire. Localisation: Vancouver. Prix affiche: 85 825 $ CAD, faire une offre."
263,Nissan,Rogue,2017,111188,20699,ESSENCE,MANUELLE,Bordeaux,Vancouver,CONCESSIONNAIRE,2025-10-08,"Nissan Rogue 2017 de couleur bordeaux, 111 188 km, en tres bon etat mecanique et esthetique. Moteur a essence, transmission manuelle. Inspection recente reussie. Vendeur situe a Vancouver. Prix: 20 699 $ CAD."
264,Chevrolet,Bolt,2023,500,40493,ELECTRIQUE,AUTOMATIQUE,Blanc,Victoria,PARTICULIER,2026-05-07,"Superbe Chevrolet Bolt 2023 en excellente condition, 500 km. Entretien regulier effectue, carnet complet disponible. Vehicule 100% electrique, zero emission, transmission automatique. Interieur propre et non-fumeur. Idealement situe a Victoria. Prix: 40 493 $ CAD, negociable."
265,Volvo,XC40,2022,2740,74999,ELECTRIQUE,AUTOMATIQUE,Vert,Ottawa,CONCESSIONNAIRE,2026-04-30,"Superbe Volvo XC40 2022 en excellente condition, 2 740 km. Entretien regulier effectue, carnet complet disponible. Vehicule 100% electrique, zero emission, transmission automatique. Interieur propre et non-fumeur. Idealement situe a Ottawa. Prix: 74 999 $ CAD, negociable."
266,Jeep,Grand,2022,500,81780,HYBRIDE,AUTOMATIQUE,Argent,Winnipeg,CONCESSIONNAIRE,2026-01-03,"A vendre Jeep Grand 2022, 500 km au compteur. Hybride, faible consommation avec transmission automatique, tres fiable pour la conduite hivernale canadienne. Couleur argent, aucun accident rapporte. Disponible a Winnipeg. Prix demande: 81 780 $."
267,Mitsubishi,Outlander,2023,500,59637,HYBRIDE,AUTOMATIQUE,Blanc,Laval,CONCESSIONNAIRE,2026-02-01,"Superbe Mitsubishi Outlander 2023 en excellente condition, 500 km. Entretien regulier effectue, carnet complet disponible. Vehicule hybride, faible consommation, transmission automatique. Interieur propre et non-fumeur. Idealement situe a Laval. Prix: 59 637 $ CAD, negociable."
268,BMW,X5,2016,185600,26599,ESSENCE,AUTOMATIQUE,Blanc,Kitchener,CONCESSIONNAIRE,2026-05-24,"A vendre BMW X5 2016, 185 600 km au compteur. A essence avec transmission automatique, tres fiable pour la conduite hivernale canadienne. Couleur blanc, aucun accident rapporte. Disponible a Kitchener. Prix demande: 26 599 $."
269,Infiniti,QX60,2023,500,73918,ESSENCE,AUTOMATIQUE,Noir,Winnipeg,CONCESSIONNAIRE,2025-06-18,"Occasion a saisir: Infiniti QX60 2023, seulement 500 km. Vehicule a essence, transmission automatique, entretien fait chez le concessionnaire. Pneus quatre saisons inclus, parfait pour le climat de Winnipeg. Prix: 73 918 $."
270,Mitsubishi,Outlander,2023,500,59187,HYBRIDE,AUTOMATIQUE,Brun,Saskatoon,CONCESSIONNAIRE,2025-10-19,"Cette Mitsubishi Outlander 2023 (500 km) est en excellent etat. Carburant: hybride, faible consommation, transmission automatique, couleur brun. Vehicule non accidente, deuxieme proprietaire. Localisation: Saskatoon. Prix affiche: 59 187 $ CAD, faire une offre."
271,Mazda,CX-9,2023,500,47228,ESSENCE,AUTOMATIQUE,Noir,Quebec,PARTICULIER,2025-09-23,"Cette Mazda CX-9 2023 (500 km) est en excellent etat. Carburant: a essence, transmission automatique, couleur noir. Vehicule non accidente, deuxieme proprietaire. Localisation: Quebec. Prix affiche: 47 228 $ CAD, faire une offre."
272,Ford,F-150,2023,500,79816,HYBRIDE,MANUELLE,Noir,Toronto,PARTICULIER,2026-02-01,"Cette Ford F-150 2023 (500 km) est en excellent etat. Carburant: hybride, faible consommation, transmission manuelle, couleur noir. Vehicule non accidente, deuxieme proprietaire. Localisation: Toronto. Prix affiche: 79 816 $ CAD, faire une offre."
273,Toyota,RAV4 Prime,2022,33614,48730,HYBRIDE_RECHARGEABLE,AUTOMATIQUE,Argent,Edmonton,CONCESSIONNAIRE,2026-05-06,"Toyota RAV4 Prime 2022 de couleur argent, 33 614 km, en tres bon etat mecanique et esthetique. Moteur hybride rechargeable (PHEV), transmission automatique. Inspection recente reussie. Vendeur situe a Edmonton. Prix: 48 730 $ CAD."
274,Jeep,Grand,2022,948,86665,HYBRIDE,MANUELLE,Noir,Mississauga,CONCESSIONNAIRE,2026-02-01,"Superbe Jeep Grand 2022 en excellente condition, 948 km. Entretien regulier effectue, carnet complet disponible. Vehicule hybride, faible consommation, transmission manuelle. Interieur propre et non-fumeur. Idealement situe a Mississauga. Prix: 86 665 $ CAD, negociable."
275,Chevrolet,Malibu,2017,76000,21999,ESSENCE,AUTOMATIQUE,Noir,St. John's,CONCESSIONNAIRE,2026-03-03,"Superbe Chevrolet Malibu 2017 en excellente condition, 76 000 km. Entretien regulier effectue, carnet complet disponible. Vehicule a essence, transmission automatique. Interieur propre et non-fumeur. Idealement situe a St. John's. Prix: 21 999 $ CAD, negociable."
276,Nissan,LEAF,2016,88137,15995,ELECTRIQUE,AUTOMATIQUE,Bordeaux,Toronto,CONCESSIONNAIRE,2025-10-31,"Occasion a saisir: Nissan LEAF 2016, seulement 88 137 km. Vehicule 100% electrique, zero emission, transmission automatique, entretien fait chez le concessionnaire. Pneus quatre saisons inclus, parfait pour le climat de Toronto. Prix: 15 995 $."
277,Tesla,Model 3,2020,79887,46980,ELECTRIQUE,AUTOMATIQUE,Blanc,Toronto,CONCESSIONNAIRE,2026-01-13,"Occasion a saisir: Tesla Model 3 2020, seulement 79 887 km. Vehicule 100% electrique, zero emission, transmission automatique, entretien fait chez le concessionnaire. Pneus quatre saisons inclus, parfait pour le climat de Toronto. Prix: 46 980 $."
278,Nissan,LEAF,2018,82000,24500,ELECTRIQUE,AUTOMATIQUE,Gris,Calgary,PARTICULIER,2026-04-06,"Nissan LEAF 2018 de couleur gris, 82 000 km, en tres bon etat mecanique et esthetique. Moteur 100% electrique, zero emission, transmission automatique. Inspection recente reussie. Vendeur situe a Calgary. Prix: 24 500 $ CAD."
279,Volkswagen,Passat,2014,234117,14480,DIESEL,AUTOMATIQUE,Blanc,Montreal,CONCESSIONNAIRE,2026-01-04,"Cette Volkswagen Passat 2014 (234 117 km) est en excellent etat. Carburant: diesel, economique en carburant, transmission automatique, couleur blanc. Vehicule non accidente, deuxieme proprietaire. Localisation: Montreal. Prix affiche: 14 480 $ CAD, faire une offre."
280,GMC,Sierra,2023,500,72003,DIESEL,MANUELLE,Blanc,Halifax,PARTICULIER,2025-12-30,"A vendre GMC Sierra 2023, 500 km au compteur. Diesel, economique en carburant avec transmission manuelle, tres fiable pour la conduite hivernale canadienne. Couleur blanc, aucun accident rapporte. Disponible a Halifax. Prix demande: 72 003 $."
281,BMW,4,2016,92000,28295,ESSENCE,MANUELLE,Noir,Quebec,CONCESSIONNAIRE,2026-07-15,"Superbe BMW 4 2016 en excellente condition, 92 000 km. Entretien regulier effectue, carnet complet disponible. Vehicule a essence, transmission manuelle. Interieur propre et non-fumeur. Idealement situe a Quebec. Prix: 28 295 $ CAD, negociable."
282,Mercedes-Benz,GLE450,2020,23084,74988,ESSENCE,AUTOMATIQUE,Bleu,Surrey,PARTICULIER,2026-02-08,"Cette Mercedes-Benz GLE450 2020 (23 084 km) est en excellent etat. Carburant: a essence, transmission automatique, couleur bleu. Vehicule non accidente, deuxieme proprietaire. Localisation: Surrey. Prix affiche: 74 988 $ CAD, faire une offre."
283,Ford,Escape,2022,11535,34988,ESSENCE,AUTOMATIQUE,Noir,Edmonton,PARTICULIER,2025-08-26,"Ford Escape 2022 de couleur noir, 11 535 km, en tres bon etat mecanique et esthetique. Moteur a essence, transmission automatique. Inspection recente reussie. Vendeur situe a Edmonton. Prix: 34 988 $ CAD."
284,Hyundai,Elantra,2021,67049,30900,HYBRIDE,MANUELLE,Blanc,Calgary,PARTICULIER,2026-07-25,"Cette Hyundai Elantra 2021 (67 049 km) est en excellent etat. Carburant: hybride, faible consommation, transmission manuelle, couleur blanc. Vehicule non accidente, deuxieme proprietaire. Localisation: Calgary. Prix affiche: 30 900 $ CAD, faire une offre."
285,Audi,Q4,2023,500,78393,ELECTRIQUE,AUTOMATIQUE,Noir,Ottawa,CONCESSIONNAIRE,2026-03-20,"A vendre Audi Q4 2023, 500 km au compteur. 100% electrique, zero emission avec transmission automatique, tres fiable pour la conduite hivernale canadienne. Couleur noir, aucun accident rapporte. Disponible a Ottawa. Prix demande: 78 393 $."
286,Hyundai,Ioniq,2020,13211,43688,ELECTRIQUE,AUTOMATIQUE,Argent,Vancouver,CONCESSIONNAIRE,2026-07-19,"A vendre Hyundai Ioniq 2020, 13 211 km au compteur. 100% electrique, zero emission avec transmission automatique, tres fiable pour la conduite hivernale canadienne. Couleur argent, aucun accident rapporte. Disponible a Vancouver. Prix demande: 43 688 $."
287,Audi,Q5,2019,77311,35989,ESSENCE,AUTOMATIQUE,Noir,Laval,CONCESSIONNAIRE,2025-10-20,"Occasion a saisir: Audi Q5 2019, seulement 77 311 km. Vehicule a essence, transmission automatique, entretien fait chez le concessionnaire. Pneus quatre saisons inclus, parfait pour le climat de Laval. Prix: 35 989 $."
288,Honda,Civic,2016,199000,17995,ESSENCE,MANUELLE,Gris,Ottawa,PARTICULIER,2026-07-27,"Honda Civic 2016 de couleur gris, 199 000 km, en tres bon etat mecanique et esthetique. Moteur a essence, transmission manuelle. Inspection recente reussie. Vendeur situe a Ottawa. Prix: 17 995 $ CAD."
289,BMW,X5,2011,195000,14995,DIESEL,AUTOMATIQUE,Noir,Toronto,PARTICULIER,2025-11-24,"Occasion a saisir: BMW X5 2011, seulement 195 000 km. Vehicule diesel, economique en carburant, transmission automatique, entretien fait chez le concessionnaire. Pneus quatre saisons inclus, parfait pour le climat de Toronto. Prix: 14 995 $."
290,Chrysler,Pacifica,2023,500,72075,ESSENCE,MANUELLE,Rouge,Ottawa,PARTICULIER,2025-07-26,"Cette Chrysler Pacifica 2023 (500 km) est en excellent etat. Carburant: a essence, transmission manuelle, couleur rouge. Vehicule non accidente, deuxieme proprietaire. Localisation: Ottawa. Prix affiche: 72 075 $ CAD, faire une offre."
291,Kia,Sorento,2022,38125,68995,HYBRIDE,AUTOMATIQUE,Blanc,Montreal,CONCESSIONNAIRE,2025-12-27,"Superbe Kia Sorento 2022 en excellente condition, 38 125 km. Entretien regulier effectue, carnet complet disponible. Vehicule hybride, faible consommation, transmission automatique. Interieur propre et non-fumeur. Idealement situe a Montreal. Prix: 68 995 $ CAD, negociable."
292,Volkswagen,Golf,2016,118000,33000,ESSENCE,MANUELLE,Bleu,Montreal,CONCESSIONNAIRE,2025-11-26,"A vendre Volkswagen Golf 2016, 118 000 km au compteur. A essence avec transmission manuelle, tres fiable pour la conduite hivernale canadienne. Couleur bleu, aucun accident rapporte. Disponible a Montreal. Prix demande: 33 000 $."
293,Ford,Mustang,2022,8201,81565,ELECTRIQUE,AUTOMATIQUE,Gris,Mississauga,CONCESSIONNAIRE,2026-04-07,"Superbe Ford Mustang 2022 en excellente condition, 8 201 km. Entretien regulier effectue, carnet complet disponible. Vehicule 100% electrique, zero emission, transmission automatique. Interieur propre et non-fumeur. Idealement situe a Mississauga. Prix: 81 565 $ CAD, negociable."
294,Jeep,Wrangler,2023,500,59980,ESSENCE,MANUELLE,Argent,Calgary,CONCESSIONNAIRE,2025-07-19,"A vendre Jeep Wrangler 2023, 500 km au compteur. A essence avec transmission manuelle, tres fiable pour la conduite hivernale canadienne. Couleur argent, aucun accident rapporte. Disponible a Calgary. Prix demande: 59 980 $."
295,Hyundai,Tucson,2022,500,58000,HYBRIDE,AUTOMATIQUE,Gris,Laval,CONCESSIONNAIRE,2025-08-25,"A vendre Hyundai Tucson 2022, 500 km au compteur. Hybride, faible consommation avec transmission automatique, tres fiable pour la conduite hivernale canadienne. Couleur gris, aucun accident rapporte. Disponible a Laval. Prix demande: 58 000 $."
296,Jeep,Cherokee,2023,500,57180,ESSENCE,AUTOMATIQUE,Blanc,Quebec,CONCESSIONNAIRE,2026-07-19,"A vendre Jeep Cherokee 2023, 500 km au compteur. A essence avec transmission automatique, tres fiable pour la conduite hivernale canadienne. Couleur blanc, aucun accident rapporte. Disponible a Quebec. Prix demande: 57 180 $."
297,Nissan,LEAF,2018,69350,29608,ELECTRIQUE,AUTOMATIQUE,Blanc,Quebec,CONCESSIONNAIRE,2026-03-13,"A vendre Nissan LEAF 2018, 69 350 km au compteur. 100% electrique, zero emission avec transmission automatique, tres fiable pour la conduite hivernale canadienne. Couleur blanc, aucun accident rapporte. Disponible a Quebec. Prix demande: 29 608 $."
298,Ford,Explorer,2020,85256,40142,ESSENCE,AUTOMATIQUE,Noir,Kitchener,PARTICULIER,2026-07-18,"Superbe Ford Explorer 2020 en excellente condition, 85 256 km. Entretien regulier effectue, carnet complet disponible. Vehicule a essence, transmission automatique. Interieur propre et non-fumeur. Idealement situe a Kitchener. Prix: 40 142 $ CAD, negociable."
299,Toyota,RAV4 Prime,2022,32821,46682,HYBRIDE_RECHARGEABLE,AUTOMATIQUE,Vert,Vancouver,PARTICULIER,2025-09-22,"Occasion a saisir: Toyota RAV4 Prime 2022, seulement 32 821 km. Vehicule hybride rechargeable (PHEV), transmission automatique, entretien fait chez le concessionnaire. Pneus quatre saisons inclus, parfait pour le climat de Vancouver. Prix: 46 682 $."
300,Ford,F-150,2023,500,90641,HYBRIDE,AUTOMATIQUE,Noir,Edmonton,CONCESSIONNAIRE,2026-06-27,"Occasion a saisir: Ford F-150 2023, seulement 500 km. Vehicule hybride, faible consommation, transmission automatique, entretien fait chez le concessionnaire. Pneus quatre saisons inclus, parfait pour le climat de Edmonton. Prix: 90 641 $."
301,Tesla,Model 3,2022,3732,54995,ELECTRIQUE,AUTOMATIQUE,Blanc,Calgary,CONCESSIONNAIRE,2025-08-12,"Tesla Model 3 2022 de couleur blanc, 3 732 km, en tres bon etat mecanique et esthetique. Moteur 100% electrique, zero emission, transmission automatique. Inspection recente reussie. Vendeur situe a Calgary. Prix: 54 995 $ CAD."
302,Honda,Odyssey,2016,132688,23800,ESSENCE,AUTOMATIQUE,Noir,Toronto,PARTICULIER,2026-02-10,"Occasion a saisir: Honda Odyssey 2016, seulement 132 688 km. Vehicule a essence, transmission automatique, entretien fait chez le concessionnaire. Pneus quatre saisons inclus, parfait pour le climat de Toronto. Prix: 23 800 $."
303,Hyundai,Elantra,2017,175356,13999,ESSENCE,MANUELLE,Bleu,Hamilton,CONCESSIONNAIRE,2025-08-25,"Occasion a saisir: Hyundai Elantra 2017, seulement 175 356 km. Vehicule a essence, transmission manuelle, entretien fait chez le concessionnaire. Pneus quatre saisons inclus, parfait pour le climat de Hamilton. Prix: 13 999 $."
304,Ford,Transit,2016,144000,33900,DIESEL,AUTOMATIQUE,Blanc,Laval,CONCESSIONNAIRE,2026-04-15,"Superbe Ford Transit 2016 en excellente condition, 144 000 km. Entretien regulier effectue, carnet complet disponible. Vehicule diesel, economique en carburant, transmission automatique. Interieur propre et non-fumeur. Idealement situe a Laval. Prix: 33 900 $ CAD, negociable."
305,Volkswagen,Tiguan,2018,106326,28590,ESSENCE,AUTOMATIQUE,Bleu,Quebec,CONCESSIONNAIRE,2026-06-04,"Cette Volkswagen Tiguan 2018 (106 326 km) est en excellent etat. Carburant: a essence, transmission automatique, couleur bleu. Vehicule non accidente, deuxieme proprietaire. Localisation: Quebec. Prix affiche: 28 590 $ CAD, faire une offre."
306,BMW,X4,2023,500,91359,ESSENCE,AUTOMATIQUE,Gris,Ottawa,CONCESSIONNAIRE,2026-02-06,"BMW X4 2023 de couleur gris, 500 km, en tres bon etat mecanique et esthetique. Moteur a essence, transmission automatique. Inspection recente reussie. Vendeur situe a Ottawa. Prix: 91 359 $ CAD."
307,BMW,i3,2014,101000,22950,ELECTRIQUE,AUTOMATIQUE,Argent,Toronto,PARTICULIER,2026-05-25,"Superbe BMW i3 2014 en excellente condition, 101 000 km. Entretien regulier effectue, carnet complet disponible. Vehicule 100% electrique, zero emission, transmission automatique. Interieur propre et non-fumeur. Idealement situe a Toronto. Prix: 22 950 $ CAD, negociable."
308,Mazda,CX-3,2019,42215,24999,ESSENCE,AUTOMATIQUE,Blanc,Quebec,CONCESSIONNAIRE,2026-05-10,"Superbe Mazda CX-3 2019 en excellente condition, 42 215 km. Entretien regulier effectue, carnet complet disponible. Vehicule a essence, transmission automatique. Interieur propre et non-fumeur. Idealement situe a Quebec. Prix: 24 999 $ CAD, negociable."
309,Hyundai,Tucson,2022,2231,53498,HYBRIDE,AUTOMATIQUE,Noir,Montreal,CONCESSIONNAIRE,2026-06-25,"Hyundai Tucson 2022 de couleur noir, 2 231 km, en tres bon etat mecanique et esthetique. Moteur hybride, faible consommation, transmission automatique. Inspection recente reussie. Vendeur situe a Montreal. Prix: 53 498 $ CAD."
310,Tesla,Model X,2017,122000,75899,ELECTRIQUE,AUTOMATIQUE,Gris,Surrey,CONCESSIONNAIRE,2026-02-15,"Occasion a saisir: Tesla Model X 2017, seulement 122 000 km. Vehicule 100% electrique, zero emission, transmission automatique, entretien fait chez le concessionnaire. Pneus quatre saisons inclus, parfait pour le climat de Surrey. Prix: 75 899 $."
311,Nissan,LEAF,2023,500,46999,ELECTRIQUE,AUTOMATIQUE,Gris,Montreal,PARTICULIER,2026-04-29,"A vendre Nissan LEAF 2023, 500 km au compteur. 100% electrique, zero emission avec transmission automatique, tres fiable pour la conduite hivernale canadienne. Couleur gris, aucun accident rapporte. Disponible a Montreal. Prix demande: 46 999 $."
312,Infiniti,QX50,2017,97328,22500,ESSENCE,AUTOMATIQUE,Blanc,Toronto,PARTICULIER,2025-12-17,"Infiniti QX50 2017 de couleur blanc, 97 328 km, en tres bon etat mecanique et esthetique. Moteur a essence, transmission automatique. Inspection recente reussie. Vendeur situe a Toronto. Prix: 22 500 $ CAD."
313,Jeep,Wrangler,2023,500,59980,ESSENCE,AUTOMATIQUE,Blanc,Ottawa,CONCESSIONNAIRE,2026-07-12,"A vendre Jeep Wrangler 2023, 500 km au compteur. A essence avec transmission automatique, tres fiable pour la conduite hivernale canadienne. Couleur blanc, aucun accident rapporte. Disponible a Ottawa. Prix demande: 59 980 $."
314,Kia,Forte,2018,34864,19495,ESSENCE,AUTOMATIQUE,Rouge,Gatineau,CONCESSIONNAIRE,2025-10-19,"Cette Kia Forte 2018 (34 864 km) est en excellent etat. Carburant: a essence, transmission automatique, couleur rouge. Vehicule non accidente, deuxieme proprietaire. Localisation: Gatineau. Prix affiche: 19 495 $ CAD, faire une offre."
315,Audi,Q8,2019,69000,57888,HYBRIDE,AUTOMATIQUE,Noir,Montreal,CONCESSIONNAIRE,2025-12-11,"Occasion a saisir: Audi Q8 2019, seulement 69 000 km. Vehicule hybride, faible consommation, transmission automatique, entretien fait chez le concessionnaire. Pneus quatre saisons inclus, parfait pour le climat de Montreal. Prix: 57 888 $."
316,Volkswagen,ID.4,2022,4106,69888,ELECTRIQUE,AUTOMATIQUE,Noir,Toronto,CONCESSIONNAIRE,2025-10-30,"Cette Volkswagen ID.4 2022 (4 106 km) est en excellent etat. Carburant: 100% electrique, zero emission, transmission automatique, couleur noir. Vehicule non accidente, deuxieme proprietaire. Localisation: Toronto. Prix affiche: 69 888 $ CAD, faire une offre."
317,GMC,Sierra,2023,500,70460,ESSENCE,MANUELLE,Noir,Toronto,CONCESSIONNAIRE,2026-02-20,"A vendre GMC Sierra 2023, 500 km au compteur. A essence avec transmission manuelle, tres fiable pour la conduite hivernale canadienne. Couleur noir, aucun accident rapporte. Disponible a Toronto. Prix demande: 70 460 $."
318,GMC,SIERRA,2015,116209,42995,ESSENCE,AUTOMATIQUE,Blanc,Toronto,CONCESSIONNAIRE,2025-11-13,"A vendre GMC SIERRA 2015, 116 209 km au compteur. A essence avec transmission automatique, tres fiable pour la conduite hivernale canadienne. Couleur blanc, aucun accident rapporte. Disponible a Toronto. Prix demande: 42 995 $."
319,Audi,Q5,2014,179986,13999,ESSENCE,AUTOMATIQUE,Noir,London,PARTICULIER,2026-07-19,"Superbe Audi Q5 2014 en excellente condition, 179 986 km. Entretien regulier effectue, carnet complet disponible. Vehicule a essence, transmission automatique. Interieur propre et non-fumeur. Idealement situe a London. Prix: 13 999 $ CAD, negociable."
320,GMC,Sierra,2020,72000,61901,DIESEL,MANUELLE,Noir,Toronto,CONCESSIONNAIRE,2026-01-06,"Cette GMC Sierra 2020 (72 000 km) est en excellent etat. Carburant: diesel, economique en carburant, transmission manuelle, couleur noir. Vehicule non accidente, deuxieme proprietaire. Localisation: Toronto. Prix affiche: 61 901 $ CAD, faire une offre."
321,Volvo,XC90 Recharge,2020,48085,56364,HYBRIDE_RECHARGEABLE,AUTOMATIQUE,Bordeaux,Montreal,CONCESSIONNAIRE,2025-06-16,"Superbe Volvo XC90 Recharge 2020 en excellente condition, 48 085 km. Entretien regulier effectue, carnet complet disponible. Vehicule hybride rechargeable (PHEV), transmission automatique. Interieur propre et non-fumeur. Idealement situe a Montreal. Prix: 56 364 $ CAD, negociable."
322,Tesla,Model S,2022,18243,64999,ELECTRIQUE,AUTOMATIQUE,Blanc,Quebec,PARTICULIER,2026-04-20,"Superbe Tesla Model S 2022 en excellente condition, 18 243 km. Entretien regulier effectue, carnet complet disponible. Vehicule 100% electrique, zero emission, transmission automatique. Interieur propre et non-fumeur. Idealement situe a Quebec. Prix: 64 999 $ CAD, negociable."
323,Honda,Civic,2020,40522,28595,ESSENCE,AUTOMATIQUE,Rouge,Vancouver,PARTICULIER,2026-04-22,"Occasion a saisir: Honda Civic 2020, seulement 40 522 km. Vehicule a essence, transmission automatique, entretien fait chez le concessionnaire. Pneus quatre saisons inclus, parfait pour le climat de Vancouver. Prix: 28 595 $."
324,BMW,7,2016,75745,40998,ESSENCE,MANUELLE,Noir,Kitchener,PARTICULIER,2026-06-04,"Cette BMW 7 2016 (75 745 km) est en excellent etat. Carburant: a essence, transmission manuelle, couleur noir. Vehicule non accidente, deuxieme proprietaire. Localisation: Kitchener. Prix affiche: 40 998 $ CAD, faire une offre."
325,Tesla,Model 3,2019,52790,50999,ELECTRIQUE,AUTOMATIQUE,Noir,Winnipeg,CONCESSIONNAIRE,2025-07-03,"Occasion a saisir: Tesla Model 3 2019, seulement 52 790 km. Vehicule 100% electrique, zero emission, transmission automatique, entretien fait chez le concessionnaire. Pneus quatre saisons inclus, parfait pour le climat de Winnipeg. Prix: 50 999 $."
326,Volvo,C30,2011,171000,10499,ESSENCE,AUTOMATIQUE,Gris,Calgary,CONCESSIONNAIRE,2026-05-18,"A vendre Volvo C30 2011, 171 000 km au compteur. A essence avec transmission automatique, tres fiable pour la conduite hivernale canadienne. Couleur gris, aucun accident rapporte. Disponible a Calgary. Prix demande: 10 499 $."
327,Dodge,RAM,2013,70000,28800,ESSENCE,MANUELLE,Noir,Kelowna,CONCESSIONNAIRE,2025-08-03,"A vendre Dodge RAM 2013, 70 000 km au compteur. A essence avec transmission manuelle, tres fiable pour la conduite hivernale canadienne. Couleur noir, aucun accident rapporte. Disponible a Kelowna. Prix demande: 28 800 $."
328,BMW,i3,2014,41000,24888,ELECTRIQUE,AUTOMATIQUE,Argent,Toronto,PARTICULIER,2026-07-20,"BMW i3 2014 de couleur argent, 41 000 km, en tres bon etat mecanique et esthetique. Moteur 100% electrique, zero emission, transmission automatique. Inspection recente reussie. Vendeur situe a Toronto. Prix: 24 888 $ CAD."
329,Volkswagen,Jetta,2019,52600,23770,ESSENCE,AUTOMATIQUE,Noir,Hamilton,CONCESSIONNAIRE,2025-11-14,"A vendre Volkswagen Jetta 2019, 52 600 km au compteur. A essence avec transmission automatique, tres fiable pour la conduite hivernale canadienne. Couleur noir, aucun accident rapporte. Disponible a Hamilton. Prix demande: 23 770 $."
330,Chrysler,Pacifica Hybrid,2020,59211,35607,HYBRIDE_RECHARGEABLE,AUTOMATIQUE,Beige,Montreal,CONCESSIONNAIRE,2026-03-29,"Cette Chrysler Pacifica Hybrid 2020 (59 211 km) est en excellent etat. Carburant: hybride rechargeable (PHEV), transmission automatique, couleur beige. Vehicule non accidente, deuxieme proprietaire. Localisation: Montreal. Prix affiche: 35 607 $ CAD, faire une offre."
331,Volkswagen,Jetta,2019,46987,30990,ESSENCE,MANUELLE,Gris,Regina,CONCESSIONNAIRE,2026-03-30,"A vendre Volkswagen Jetta 2019, 46 987 km au compteur. A essence avec transmission manuelle, tres fiable pour la conduite hivernale canadienne. Couleur gris, aucun accident rapporte. Disponible a Regina. Prix demande: 30 990 $."
332,Dodge,Charger,2017,93838,36499,ESSENCE,AUTOMATIQUE,Noir,Surrey,PARTICULIER,2026-01-14,"Cette Dodge Charger 2017 (93 838 km) est en excellent etat. Carburant: a essence, transmission automatique, couleur noir. Vehicule non accidente, deuxieme proprietaire. Localisation: Surrey. Prix affiche: 36 499 $ CAD, faire une offre."
333,Volvo,XC60 Recharge,2021,38899,49878,HYBRIDE_RECHARGEABLE,AUTOMATIQUE,Beige,Toronto,CONCESSIONNAIRE,2025-12-28,"Cette Volvo XC60 Recharge 2021 (38 899 km) est en excellent etat. Carburant: hybride rechargeable (PHEV), transmission automatique, couleur beige. Vehicule non accidente, deuxieme proprietaire. Localisation: Toronto. Prix affiche: 49 878 $ CAD, faire une offre."
334,Hyundai,Sonata,2011,115501,12888,ESSENCE,AUTOMATIQUE,Gris,London,PARTICULIER,2025-08-31,"Occasion a saisir: Hyundai Sonata 2011, seulement 115 501 km. Vehicule a essence, transmission automatique, entretien fait chez le concessionnaire. Pneus quatre saisons inclus, parfait pour le climat de London. Prix: 12 888 $."
335,Kia,Soul,2020,38911,23979,ESSENCE,AUTOMATIQUE,Bleu,Vancouver,CONCESSIONNAIRE,2025-07-25,"Occasion a saisir: Kia Soul 2020, seulement 38 911 km. Vehicule a essence, transmission automatique, entretien fait chez le concessionnaire. Pneus quatre saisons inclus, parfait pour le climat de Vancouver. Prix: 23 979 $."
336,Hyundai,Tucson,2017,169110,16950,ESSENCE,AUTOMATIQUE,Argent,Quebec,CONCESSIONNAIRE,2025-06-20,"Occasion a saisir: Hyundai Tucson 2017, seulement 169 110 km. Vehicule a essence, transmission automatique, entretien fait chez le concessionnaire. Pneus quatre saisons inclus, parfait pour le climat de Quebec. Prix: 16 950 $."
337,Hyundai,Ioniq,2019,45905,30745,HYBRIDE,AUTOMATIQUE,Gris,Montreal,PARTICULIER,2025-08-14,"Superbe Hyundai Ioniq 2019 en excellente condition, 45 905 km. Entretien regulier effectue, carnet complet disponible. Vehicule hybride, faible consommation, transmission automatique. Interieur propre et non-fumeur. Idealement situe a Montreal. Prix: 30 745 $ CAD, negociable."
338,Ford,Escape,2022,500,48109,HYBRIDE,AUTOMATIQUE,Argent,Quebec,CONCESSIONNAIRE,2026-02-09,"Superbe Ford Escape 2022 en excellente condition, 500 km. Entretien regulier effectue, carnet complet disponible. Vehicule hybride, faible consommation, transmission automatique. Interieur propre et non-fumeur. Idealement situe a Quebec. Prix: 48 109 $ CAD, negociable."
339,Jeep,Wrangler,2023,500,72499,HYBRIDE,MANUELLE,Gris,Gatineau,CONCESSIONNAIRE,2026-01-29,"Occasion a saisir: Jeep Wrangler 2023, seulement 500 km. Vehicule hybride, faible consommation, transmission manuelle, entretien fait chez le concessionnaire. Pneus quatre saisons inclus, parfait pour le climat de Gatineau. Prix: 72 499 $."
340,Hyundai,SANTA,2022,22003,55495,HYBRIDE,AUTOMATIQUE,Noir,Toronto,PARTICULIER,2026-06-03,"A vendre Hyundai SANTA 2022, 22 003 km au compteur. Hybride, faible consommation avec transmission automatique, tres fiable pour la conduite hivernale canadienne. Couleur noir, aucun accident rapporte. Disponible a Toronto. Prix demande: 55 495 $."
341,Volvo,XC60,2023,500,69334,ESSENCE,AUTOMATIQUE,Blanc,Edmonton,CONCESSIONNAIRE,2026-04-30,"Cette Volvo XC60 2023 (500 km) est en excellent etat. Carburant: a essence, transmission automatique, couleur blanc. Vehicule non accidente, deuxieme proprietaire. Localisation: Edmonton. Prix affiche: 69 334 $ CAD, faire une offre."
342,Audi,S3,2019,77735,39900,ESSENCE,MANUELLE,Blanc,Edmonton,CONCESSIONNAIRE,2025-10-21,"A vendre Audi S3 2019, 77 735 km au compteur. A essence avec transmission manuelle, tres fiable pour la conduite hivernale canadienne. Couleur blanc, aucun accident rapporte. Disponible a Edmonton. Prix demande: 39 900 $."
343,Volvo,XC90,2022,22000,94580,HYBRIDE,AUTOMATIQUE,Noir,Montreal,CONCESSIONNAIRE,2026-05-12,"Cette Volvo XC90 2022 (22 000 km) est en excellent etat. Carburant: hybride, faible consommation, transmission automatique, couleur noir. Vehicule non accidente, deuxieme proprietaire. Localisation: Montreal. Prix affiche: 94 580 $ CAD, faire une offre."
344,Volkswagen,Beetle,2014,183000,15000,DIESEL,MANUELLE,Gris,Montreal,CONCESSIONNAIRE,2026-06-21,"Cette Volkswagen Beetle 2014 (183 000 km) est en excellent etat. Carburant: diesel, economique en carburant, transmission manuelle, couleur gris. Vehicule non accidente, deuxieme proprietaire. Localisation: Montreal. Prix affiche: 15 000 $ CAD, faire une offre."
345,Ford,Mustang,2022,4000,71995,ELECTRIQUE,AUTOMATIQUE,Blanc,Quebec,PARTICULIER,2026-02-17,"Cette Ford Mustang 2022 (4 000 km) est en excellent etat. Carburant: 100% electrique, zero emission, transmission automatique, couleur blanc. Vehicule non accidente, deuxieme proprietaire. Localisation: Quebec. Prix affiche: 71 995 $ CAD, faire une offre."
346,Mercedes-Benz,GLC,2021,13112,57988,ESSENCE,AUTOMATIQUE,Noir,Montreal,CONCESSIONNAIRE,2026-04-03,"Occasion a saisir: Mercedes-Benz GLC 2021, seulement 13 112 km. Vehicule a essence, transmission automatique, entretien fait chez le concessionnaire. Pneus quatre saisons inclus, parfait pour le climat de Montreal. Prix: 57 988 $."
347,Hyundai,Elantra,2014,174000,8995,ESSENCE,MANUELLE,Argent,Ottawa,CONCESSIONNAIRE,2026-07-26,"Occasion a saisir: Hyundai Elantra 2014, seulement 174 000 km. Vehicule a essence, transmission manuelle, entretien fait chez le concessionnaire. Pneus quatre saisons inclus, parfait pour le climat de Ottawa. Prix: 8 995 $."
348,BMW,3,2018,91000,30995,DIESEL,AUTOMATIQUE,Noir,Toronto,PARTICULIER,2026-05-01,"Occasion a saisir: BMW 3 2018, seulement 91 000 km. Vehicule diesel, economique en carburant, transmission automatique, entretien fait chez le concessionnaire. Pneus quatre saisons inclus, parfait pour le climat de Toronto. Prix: 30 995 $."
349,Honda,Civic,2020,93240,31495,ESSENCE,MANUELLE,Blanc,Ottawa,PARTICULIER,2026-01-30,"Occasion a saisir: Honda Civic 2020, seulement 93 240 km. Vehicule a essence, transmission manuelle, entretien fait chez le concessionnaire. Pneus quatre saisons inclus, parfait pour le climat de Ottawa. Prix: 31 495 $."
350,Jeep,Grand,2022,500,81845,HYBRIDE,AUTOMATIQUE,Noir,Vancouver,CONCESSIONNAIRE,2025-11-09,"Jeep Grand 2022 de couleur noir, 500 km, en tres bon etat mecanique et esthetique. Moteur hybride, faible consommation, transmission automatique. Inspection recente reussie. Vendeur situe a Vancouver. Prix: 81 845 $ CAD."
351,Ford,F-250,2016,159648,44988,DIESEL,MANUELLE,Argent,Montreal,PARTICULIER,2026-06-08,"Superbe Ford F-250 2016 en excellente condition, 159 648 km. Entretien regulier effectue, carnet complet disponible. Vehicule diesel, economique en carburant, transmission manuelle. Interieur propre et non-fumeur. Idealement situe a Montreal. Prix: 44 988 $ CAD, negociable."
352,Chevrolet,SILVERADO,2023,500,85113,DIESEL,AUTOMATIQUE,Vert,Toronto,CONCESSIONNAIRE,2025-06-20,"A vendre Chevrolet SILVERADO 2023, 500 km au compteur. Diesel, economique en carburant avec transmission automatique, tres fiable pour la conduite hivernale canadienne. Couleur vert, aucun accident rapporte. Disponible a Toronto. Prix demande: 85 113 $."
353,Nissan,Murano,2019,105449,22495,ESSENCE,AUTOMATIQUE,Blanc,London,CONCESSIONNAIRE,2026-01-18,"A vendre Nissan Murano 2019, 105 449 km au compteur. A essence avec transmission automatique, tres fiable pour la conduite hivernale canadienne. Couleur blanc, aucun accident rapporte. Disponible a London. Prix demande: 22 495 $."
354,Hyundai,Sonata,2020,97521,27888,ESSENCE,AUTOMATIQUE,Blanc,Toronto,PARTICULIER,2026-04-17,"A vendre Hyundai Sonata 2020, 97 521 km au compteur. A essence avec transmission automatique, tres fiable pour la conduite hivernale canadienne. Couleur blanc, aucun accident rapporte. Disponible a Toronto. Prix demande: 27 888 $."
355,Tesla,Model X,2023,500,76290,ELECTRIQUE,AUTOMATIQUE,Blanc,Vancouver,CONCESSIONNAIRE,2025-06-13,"Tesla Model X 2023 de couleur blanc, 500 km, en tres bon etat mecanique et esthetique. Moteur 100% electrique, zero emission, transmission automatique. Inspection recente reussie. Vendeur situe a Vancouver. Prix: 76 290 $ CAD."
356,Ford,Escape,2023,500,53629,HYBRIDE,MANUELLE,Bleu,Laval,CONCESSIONNAIRE,2026-04-09,"Superbe Ford Escape 2023 en excellente condition, 500 km. Entretien regulier effectue, carnet complet disponible. Vehicule hybride, faible consommation, transmission manuelle. Interieur propre et non-fumeur. Idealement situe a Laval. Prix: 53 629 $ CAD, negociable."
357,Jeep,WRANGLER,2023,500,56944,ESSENCE,AUTOMATIQUE,Argent,Gatineau,CONCESSIONNAIRE,2026-08-31,"Cette Jeep WRANGLER 2023 (500 km) est en excellent etat. Carburant: a essence, transmission automatique, couleur argent. Vehicule non accidente, deuxieme proprietaire. Localisation: Gatineau. Prix affiche: 56 944 $ CAD, faire une offre."
358,Tesla,Model 3,2020,44601,47800,ELECTRIQUE,AUTOMATIQUE,Noir,Montreal,PARTICULIER,2026-07-26,"Cette Tesla Model 3 2020 (44 601 km) est en excellent etat. Carburant: 100% electrique, zero emission, transmission automatique, couleur noir. Vehicule non accidente, deuxieme proprietaire. Localisation: Montreal. Prix affiche: 47 800 $ CAD, faire une offre."
359,BMW,330e,2021,39871,37530,HYBRIDE_RECHARGEABLE,AUTOMATIQUE,Brun,Toronto,CONCESSIONNAIRE,2026-03-23,"Occasion a saisir: BMW 330e 2021, seulement 39 871 km. Vehicule hybride rechargeable (PHEV), transmission automatique, entretien fait chez le concessionnaire. Pneus quatre saisons inclus, parfait pour le climat de Toronto. Prix: 37 530 $."
360,Tesla,Model X,2021,14099,76577,ELECTRIQUE,AUTOMATIQUE,Blanc,Vancouver,CONCESSIONNAIRE,2026-07-02,"A vendre Tesla Model X 2021, 14 099 km au compteur. 100% electrique, zero emission avec transmission automatique, tres fiable pour la conduite hivernale canadienne. Couleur blanc, aucun accident rapporte. Disponible a Vancouver. Prix demande: 76 577 $."
361,Volkswagen,Atlas,2023,7758,59256,ESSENCE,AUTOMATIQUE,Blanc,Trois-Rivieres,CONCESSIONNAIRE,2026-01-01,"Occasion a saisir: Volkswagen Atlas 2023, seulement 7 758 km. Vehicule a essence, transmission automatique, entretien fait chez le concessionnaire. Pneus quatre saisons inclus, parfait pour le climat de Trois-Rivieres. Prix: 59 256 $."
362,GMC,Sierra,2023,500,65113,ESSENCE,AUTOMATIQUE,Blanc,Edmonton,PARTICULIER,2026-04-09,"Superbe GMC Sierra 2023 en excellente condition, 500 km. Entretien regulier effectue, carnet complet disponible. Vehicule a essence, transmission automatique. Interieur propre et non-fumeur. Idealement situe a Edmonton. Prix: 65 113 $ CAD, negociable."
363,Mitsubishi,Lancer,2014,140537,13990,ESSENCE,MANUELLE,Blanc,Vancouver,CONCESSIONNAIRE,2025-07-27,"Cette Mitsubishi Lancer 2014 (140 537 km) est en excellent etat. Carburant: a essence, transmission manuelle, couleur blanc. Vehicule non accidente, deuxieme proprietaire. Localisation: Vancouver. Prix affiche: 13 990 $ CAD, faire une offre."
364,Ford,Mustang,2022,8201,81565,ELECTRIQUE,AUTOMATIQUE,Gris,Vancouver,PARTICULIER,2025-10-10,"Occasion a saisir: Ford Mustang 2022, seulement 8 201 km. Vehicule 100% electrique, zero emission, transmission automatique, entretien fait chez le concessionnaire. Pneus quatre saisons inclus, parfait pour le climat de Vancouver. Prix: 81 565 $."
365,Jeep,Grand,2022,5895,62995,ESSENCE,AUTOMATIQUE,Blanc,Hamilton,PARTICULIER,2026-08-13,"Cette Jeep Grand 2022 (5 895 km) est en excellent etat. Carburant: a essence, transmission automatique, couleur blanc. Vehicule non accidente, deuxieme proprietaire. Localisation: Hamilton. Prix affiche: 62 995 $ CAD, faire une offre."
366,Kia,Soul,2018,100673,16980,ESSENCE,AUTOMATIQUE,Bleu,Toronto,CONCESSIONNAIRE,2025-09-24,"A vendre Kia Soul 2018, 100 673 km au compteur. A essence avec transmission automatique, tres fiable pour la conduite hivernale canadienne. Couleur bleu, aucun accident rapporte. Disponible a Toronto. Prix demande: 16 980 $."
367,Infiniti,Q50,2018,115000,25995,ESSENCE,AUTOMATIQUE,Argent,Quebec,CONCESSIONNAIRE,2026-06-06,"Infiniti Q50 2018 de couleur argent, 115 000 km, en tres bon etat mecanique et esthetique. Moteur a essence, transmission automatique. Inspection recente reussie. Vendeur situe a Quebec. Prix: 25 995 $ CAD."
368,Ford,F-150,2023,500,79816,HYBRIDE,AUTOMATIQUE,Rouge,Hamilton,CONCESSIONNAIRE,2026-07-17,"Cette Ford F-150 2023 (500 km) est en excellent etat. Carburant: hybride, faible consommation, transmission automatique, couleur rouge. Vehicule non accidente, deuxieme proprietaire. Localisation: Hamilton. Prix affiche: 79 816 $ CAD, faire une offre."
369,Jeep,Wrangler,2023,500,61070,ESSENCE,AUTOMATIQUE,Argent,Victoria,CONCESSIONNAIRE,2026-02-20,"Jeep Wrangler 2023 de couleur argent, 500 km, en tres bon etat mecanique et esthetique. Moteur a essence, transmission automatique. Inspection recente reussie. Vendeur situe a Victoria. Prix: 61 070 $ CAD."
370,Porsche,718,2018,47950,83000,ESSENCE,MANUELLE,Argent,Kelowna,CONCESSIONNAIRE,2026-02-05,"Superbe Porsche 718 2018 en excellente condition, 47 950 km. Entretien regulier effectue, carnet complet disponible. Vehicule a essence, transmission manuelle. Interieur propre et non-fumeur. Idealement situe a Kelowna. Prix: 83 000 $ CAD, negociable."
371,Dodge,Journey,2017,102000,21990,ESSENCE,AUTOMATIQUE,Gris,Quebec,CONCESSIONNAIRE,2025-12-06,"Dodge Journey 2017 de couleur gris, 102 000 km, en tres bon etat mecanique et esthetique. Moteur a essence, transmission automatique. Inspection recente reussie. Vendeur situe a Quebec. Prix: 21 990 $ CAD."
372,Honda,CR-V,2018,101214,25600,ESSENCE,AUTOMATIQUE,Noir,Mississauga,CONCESSIONNAIRE,2025-06-30,"A vendre Honda CR-V 2018, 101 214 km au compteur. A essence avec transmission automatique, tres fiable pour la conduite hivernale canadienne. Couleur noir, aucun accident rapporte. Disponible a Mississauga. Prix demande: 25 600 $."
373,Audi,Q8,2019,36291,69498,HYBRIDE,AUTOMATIQUE,Blanc,St. John's,PARTICULIER,2026-02-16,"Cette Audi Q8 2019 (36 291 km) est en excellent etat. Carburant: hybride, faible consommation, transmission automatique, couleur blanc. Vehicule non accidente, deuxieme proprietaire. Localisation: St. John's. Prix affiche: 69 498 $ CAD, faire une offre."
374,Tesla,Model 3,2021,37730,29990,ELECTRIQUE,AUTOMATIQUE,Bordeaux,Quebec,PARTICULIER,2025-11-03,"Occasion a saisir: Tesla Model 3 2021, seulement 37 730 km. Vehicule 100% electrique, zero emission, transmission automatique, entretien fait chez le concessionnaire. Pneus quatre saisons inclus, parfait pour le climat de Quebec. Prix: 29 990 $."
375,Audi,A3,2018,94650,32000,HYBRIDE,AUTOMATIQUE,Argent,Montreal,CONCESSIONNAIRE,2026-04-12,"Cette Audi A3 2018 (94 650 km) est en excellent etat. Carburant: hybride, faible consommation, transmission automatique, couleur argent. Vehicule non accidente, deuxieme proprietaire. Localisation: Montreal. Prix affiche: 32 000 $ CAD, faire une offre."
376,Volkswagen,Touareg,2015,151000,16500,ESSENCE,AUTOMATIQUE,Gris,Laval,CONCESSIONNAIRE,2025-09-23,"A vendre Volkswagen Touareg 2015, 151 000 km au compteur. A essence avec transmission automatique, tres fiable pour la conduite hivernale canadienne. Couleur gris, aucun accident rapporte. Disponible a Laval. Prix demande: 16 500 $."
377,Ford,Fusion,2020,43483,32990,HYBRIDE,AUTOMATIQUE,Beige,Montreal,CONCESSIONNAIRE,2026-03-25,"Ford Fusion 2020 de couleur beige, 43 483 km, en tres bon etat mecanique et esthetique. Moteur hybride, faible consommation, transmission automatique. Inspection recente reussie. Vendeur situe a Montreal. Prix: 32 990 $ CAD."
378,BMW,i8,2017,83297,87910,HYBRIDE,MANUELLE,Gris,Kelowna,CONCESSIONNAIRE,2026-08-19,"Superbe BMW i8 2017 en excellente condition, 83 297 km. Entretien regulier effectue, carnet complet disponible. Vehicule hybride, faible consommation, transmission manuelle. Interieur propre et non-fumeur. Idealement situe a Kelowna. Prix: 87 910 $ CAD, negociable."
379,Honda,Insight,2020,35333,38398,HYBRIDE,AUTOMATIQUE,Bordeaux,Calgary,PARTICULIER,2026-06-09,"Superbe Honda Insight 2020 en excellente condition, 35 333 km. Entretien regulier effectue, carnet complet disponible. Vehicule hybride, faible consommation, transmission automatique. Interieur propre et non-fumeur. Idealement situe a Calgary. Prix: 38 398 $ CAD, negociable."
380,Hyundai,Elantra,2022,8200,37888,HYBRIDE,MANUELLE,Noir,Laval,CONCESSIONNAIRE,2026-05-07,"Cette Hyundai Elantra 2022 (8 200 km) est en excellent etat. Carburant: hybride, faible consommation, transmission manuelle, couleur noir. Vehicule non accidente, deuxieme proprietaire. Localisation: Laval. Prix affiche: 37 888 $ CAD, faire une offre."
381,Tesla,Model 3,2014,70279,34900,ELECTRIQUE,AUTOMATIQUE,Gris,Halifax,PARTICULIER,2025-12-31,"A vendre Tesla Model 3 2014, 70 279 km au compteur. 100% electrique, zero emission avec transmission automatique, tres fiable pour la conduite hivernale canadienne. Couleur gris, aucun accident rapporte. Disponible a Halifax. Prix demande: 34 900 $."
382,Chevrolet,SILVERADO,2023,500,94973,DIESEL,MANUELLE,Noir,Ottawa,CONCESSIONNAIRE,2025-10-11,"Superbe Chevrolet SILVERADO 2023 en excellente condition, 500 km. Entretien regulier effectue, carnet complet disponible. Vehicule diesel, economique en carburant, transmission manuelle. Interieur propre et non-fumeur. Idealement situe a Ottawa. Prix: 94 973 $ CAD, negociable."
383,Volvo,XC60,2023,500,83829,HYBRIDE,AUTOMATIQUE,Argent,Quebec,PARTICULIER,2025-12-10,"Superbe Volvo XC60 2023 en excellente condition, 500 km. Entretien regulier effectue, carnet complet disponible. Vehicule hybride, faible consommation, transmission automatique. Interieur propre et non-fumeur. Idealement situe a Quebec. Prix: 83 829 $ CAD, negociable."
384,Chevrolet,Cruze,2017,96561,16776,ESSENCE,MANUELLE,Rouge,Winnipeg,PARTICULIER,2026-08-15,"Superbe Chevrolet Cruze 2017 en excellente condition, 96 561 km. Entretien regulier effectue, carnet complet disponible. Vehicule a essence, transmission manuelle. Interieur propre et non-fumeur. Idealement situe a Winnipeg. Prix: 16 776 $ CAD, negociable."
385,Ford,Escape,2022,6000,52433,HYBRIDE_RECHARGEABLE,AUTOMATIQUE,Argent,Laval,CONCESSIONNAIRE,2026-06-26,"Occasion a saisir: Ford Escape 2022, seulement 6 000 km. Vehicule hybride rechargeable (PHEV), transmission automatique, entretien fait chez le concessionnaire. Pneus quatre saisons inclus, parfait pour le climat de Laval. Prix: 52 433 $."
386,Volkswagen,Jetta,2011,185000,12495,DIESEL,MANUELLE,Gris,Montreal,CONCESSIONNAIRE,2026-07-04,"Superbe Volkswagen Jetta 2011 en excellente condition, 185 000 km. Entretien regulier effectue, carnet complet disponible. Vehicule diesel, economique en carburant, transmission manuelle. Interieur propre et non-fumeur. Idealement situe a Montreal. Prix: 12 495 $ CAD, negociable."
387,Jeep,Wrangler,2022,9932,64995,ELECTRIQUE,AUTOMATIQUE,Vert,Regina,PARTICULIER,2025-11-12,"Cette Jeep Wrangler 2022 (9 932 km) est en excellent etat. Carburant: 100% electrique, zero emission, transmission automatique, couleur vert. Vehicule non accidente, deuxieme proprietaire. Localisation: Regina. Prix affiche: 64 995 $ CAD, faire une offre."
388,BMW,X5,2017,113500,35998,ELECTRIQUE,AUTOMATIQUE,Bleu,London,PARTICULIER,2025-08-05,"Occasion a saisir: BMW X5 2017, seulement 113 500 km. Vehicule 100% electrique, zero emission, transmission automatique, entretien fait chez le concessionnaire. Pneus quatre saisons inclus, parfait pour le climat de London. Prix: 35 998 $."
389,Nissan,LEAF,2017,66000,18888,ELECTRIQUE,AUTOMATIQUE,Gris,Toronto,CONCESSIONNAIRE,2025-08-15,"Nissan LEAF 2017 de couleur gris, 66 000 km, en tres bon etat mecanique et esthetique. Moteur 100% electrique, zero emission, transmission automatique. Inspection recente reussie. Vendeur situe a Toronto. Prix: 18 888 $ CAD."
390,Volkswagen,Passat,2014,173450,13800,DIESEL,MANUELLE,Blanc,Ottawa,CONCESSIONNAIRE,2025-10-13,"Volkswagen Passat 2014 de couleur blanc, 173 450 km, en tres bon etat mecanique et esthetique. Moteur diesel, economique en carburant, transmission manuelle. Inspection recente reussie. Vendeur situe a Ottawa. Prix: 13 800 $ CAD."
391,Acura,MDX,2020,57590,43997,ESSENCE,AUTOMATIQUE,Argent,Saskatoon,PARTICULIER,2026-02-07,"A vendre Acura MDX 2020, 57 590 km au compteur. A essence avec transmission automatique, tres fiable pour la conduite hivernale canadienne. Couleur argent, aucun accident rapporte. Disponible a Saskatoon. Prix demande: 43 997 $."
392,Ford,F-150,2016,195983,32750,ESSENCE,AUTOMATIQUE,Blanc,Vancouver,CONCESSIONNAIRE,2026-08-13,"A vendre Ford F-150 2016, 195 983 km au compteur. A essence avec transmission automatique, tres fiable pour la conduite hivernale canadienne. Couleur blanc, aucun accident rapporte. Disponible a Vancouver. Prix demande: 32 750 $."
393,Nissan,LEAF,2018,43980,29479,ELECTRIQUE,AUTOMATIQUE,Bleu,Montreal,CONCESSIONNAIRE,2025-12-21,"A vendre Nissan LEAF 2018, 43 980 km au compteur. 100% electrique, zero emission avec transmission automatique, tres fiable pour la conduite hivernale canadienne. Couleur bleu, aucun accident rapporte. Disponible a Montreal. Prix demande: 29 479 $."
394,Jaguar,I-Pace,2020,23323,83888,ELECTRIQUE,AUTOMATIQUE,Blanc,Vancouver,PARTICULIER,2025-12-27,"Superbe Jaguar I-Pace 2020 en excellente condition, 23 323 km. Entretien regulier effectue, carnet complet disponible. Vehicule 100% electrique, zero emission, transmission automatique. Interieur propre et non-fumeur. Idealement situe a Vancouver. Prix: 83 888 $ CAD, negociable."
395,Audi,A8,2019,62000,69990,HYBRIDE,AUTOMATIQUE,Noir,Calgary,CONCESSIONNAIRE,2025-12-03,"Audi A8 2019 de couleur noir, 62 000 km, en tres bon etat mecanique et esthetique. Moteur hybride, faible consommation, transmission automatique. Inspection recente reussie. Vendeur situe a Calgary. Prix: 69 990 $ CAD."
396,Tesla,Model X,2022,500,81990,ELECTRIQUE,AUTOMATIQUE,Noir,Surrey,CONCESSIONNAIRE,2026-04-30,"Tesla Model X 2022 de couleur noir, 500 km, en tres bon etat mecanique et esthetique. Moteur 100% electrique, zero emission, transmission automatique. Inspection recente reussie. Vendeur situe a Surrey. Prix: 81 990 $ CAD."
397,Volvo,XC90,2022,22000,94580,HYBRIDE,AUTOMATIQUE,Gris,Toronto,PARTICULIER,2025-09-13,"Occasion a saisir: Volvo XC90 2022, seulement 22 000 km. Vehicule hybride, faible consommation, transmission automatique, entretien fait chez le concessionnaire. Pneus quatre saisons inclus, parfait pour le climat de Toronto. Prix: 94 580 $."
398,Jeep,Grand,2020,50738,74500,ESSENCE,AUTOMATIQUE,Blanc,Hamilton,CONCESSIONNAIRE,2026-09-01,"A vendre Jeep Grand 2020, 50 738 km au compteur. A essence avec transmission automatique, tres fiable pour la conduite hivernale canadienne. Couleur blanc, aucun accident rapporte. Disponible a Hamilton. Prix demande: 74 500 $."
399,Mazda,CX-5,2023,500,33900,ESSENCE,AUTOMATIQUE,Rouge,Laval,CONCESSIONNAIRE,2025-08-31,"Superbe Mazda CX-5 2023 en excellente condition, 500 km. Entretien regulier effectue, carnet complet disponible. Vehicule a essence, transmission automatique. Interieur propre et non-fumeur. Idealement situe a Laval. Prix: 33 900 $ CAD, negociable."
400,Volvo,V60,2023,2536,66954,ESSENCE,AUTOMATIQUE,Argent,Gatineau,PARTICULIER,2025-12-01,"A vendre Volvo V60 2023, 2 536 km au compteur. A essence avec transmission automatique, tres fiable pour la conduite hivernale canadienne. Couleur argent, aucun accident rapporte. Disponible a Gatineau. Prix demande: 66 954 $."
401,GMC,Terrain,2023,500,43343,ESSENCE,AUTOMATIQUE,Blanc,Laval,CONCESSIONNAIRE,2026-02-01,"Occasion a saisir: GMC Terrain 2023, seulement 500 km. Vehicule a essence, transmission automatique, entretien fait chez le concessionnaire. Pneus quatre saisons inclus, parfait pour le climat de Laval. Prix: 43 343 $."
402,Infiniti,QX50,2019,49591,32898,ESSENCE,AUTOMATIQUE,Blanc,Montreal,PARTICULIER,2025-07-12,"A vendre Infiniti QX50 2019, 49 591 km au compteur. A essence avec transmission automatique, tres fiable pour la conduite hivernale canadienne. Couleur blanc, aucun accident rapporte. Disponible a Montreal. Prix demande: 32 898 $."
403,Tesla,Model 3,2021,25842,49995,ELECTRIQUE,AUTOMATIQUE,Gris,Hamilton,PARTICULIER,2025-08-13,"Tesla Model 3 2021 de couleur gris, 25 842 km, en tres bon etat mecanique et esthetique. Moteur 100% electrique, zero emission, transmission automatique. Inspection recente reussie. Vendeur situe a Hamilton. Prix: 49 995 $ CAD."
404,Ford,Fusion,2020,71800,33999,HYBRIDE,AUTOMATIQUE,Noir,Vancouver,PARTICULIER,2026-01-20,"Ford Fusion 2020 de couleur noir, 71 800 km, en tres bon etat mecanique et esthetique. Moteur hybride, faible consommation, transmission automatique. Inspection recente reussie. Vendeur situe a Vancouver. Prix: 33 999 $ CAD."
405,Hyundai,Sonata,2015,8190,18565,ESSENCE,AUTOMATIQUE,Noir,St. John's,PARTICULIER,2025-08-01,"Occasion a saisir: Hyundai Sonata 2015, seulement 8 190 km. Vehicule a essence, transmission automatique, entretien fait chez le concessionnaire. Pneus quatre saisons inclus, parfait pour le climat de St. John's. Prix: 18 565 $."
406,Dodge,Grand,2017,140639,17888,ESSENCE,AUTOMATIQUE,Noir,Gatineau,PARTICULIER,2025-07-12,"Dodge Grand 2017 de couleur noir, 140 639 km, en tres bon etat mecanique et esthetique. Moteur a essence, transmission automatique. Inspection recente reussie. Vendeur situe a Gatineau. Prix: 17 888 $ CAD."
407,Jeep,Grand,2015,175196,19995,DIESEL,AUTOMATIQUE,Noir,Montreal,PARTICULIER,2026-01-25,"Cette Jeep Grand 2015 (175 196 km) est en excellent etat. Carburant: diesel, economique en carburant, transmission automatique, couleur noir. Vehicule non accidente, deuxieme proprietaire. Localisation: Montreal. Prix affiche: 19 995 $ CAD, faire une offre."
408,Volvo,XC90 Recharge,2020,52529,52247,HYBRIDE_RECHARGEABLE,AUTOMATIQUE,Rouge,Mississauga,CONCESSIONNAIRE,2026-07-22,"Cette Volvo XC90 Recharge 2020 (52 529 km) est en excellent etat. Carburant: hybride rechargeable (PHEV), transmission automatique, couleur rouge. Vehicule non accidente, deuxieme proprietaire. Localisation: Mississauga. Prix affiche: 52 247 $ CAD, faire une offre."
409,Volvo,XC90 Recharge,2020,46768,55094,HYBRIDE_RECHARGEABLE,AUTOMATIQUE,Bleu,Quebec,CONCESSIONNAIRE,2026-01-08,"A vendre Volvo XC90 Recharge 2020, 46 768 km au compteur. Hybride rechargeable (phev) avec transmission automatique, tres fiable pour la conduite hivernale canadienne. Couleur bleu, aucun accident rapporte. Disponible a Quebec. Prix demande: 55 094 $."
410,Dodge,Grand,2018,128999,19900,ESSENCE,AUTOMATIQUE,Bleu,Gatineau,CONCESSIONNAIRE,2026-08-18,"A vendre Dodge Grand 2018, 128 999 km au compteur. A essence avec transmission automatique, tres fiable pour la conduite hivernale canadienne. Couleur bleu, aucun accident rapporte. Disponible a Gatineau. Prix demande: 19 900 $."
411,Chevrolet,Silverado,2013,227000,13500,ESSENCE,AUTOMATIQUE,Blanc,Mississauga,CONCESSIONNAIRE,2025-09-10,"A vendre Chevrolet Silverado 2013, 227 000 km au compteur. A essence avec transmission automatique, tres fiable pour la conduite hivernale canadienne. Couleur blanc, aucun accident rapporte. Disponible a Mississauga. Prix demande: 13 500 $."
412,Mazda,Mazda3,2010,189211,5888,ESSENCE,MANUELLE,Gris,London,PARTICULIER,2026-04-20,"Cette Mazda Mazda3 2010 (189 211 km) est en excellent etat. Carburant: a essence, transmission manuelle, couleur gris. Vehicule non accidente, deuxieme proprietaire. Localisation: London. Prix affiche: 5 888 $ CAD, faire une offre."
413,Mazda,CX-3,2016,160488,19400,ESSENCE,AUTOMATIQUE,Bleu,Vancouver,CONCESSIONNAIRE,2025-08-22,"Cette Mazda CX-3 2016 (160 488 km) est en excellent etat. Carburant: a essence, transmission automatique, couleur bleu. Vehicule non accidente, deuxieme proprietaire. Localisation: Vancouver. Prix affiche: 19 400 $ CAD, faire une offre."
414,Hyundai,Ioniq,2020,46771,35490,HYBRIDE,MANUELLE,Noir,Calgary,PARTICULIER,2025-09-19,"Superbe Hyundai Ioniq 2020 en excellente condition, 46 771 km. Entretien regulier effectue, carnet complet disponible. Vehicule hybride, faible consommation, transmission manuelle. Interieur propre et non-fumeur. Idealement situe a Calgary. Prix: 35 490 $ CAD, negociable."
415,Isuzu,NRR,2018,203525,72999,DIESEL,MANUELLE,Blanc,Trois-Rivieres,CONCESSIONNAIRE,2026-06-02,"Superbe Isuzu NRR 2018 en excellente condition, 203 525 km. Entretien regulier effectue, carnet complet disponible. Vehicule diesel, economique en carburant, transmission manuelle. Interieur propre et non-fumeur. Idealement situe a Trois-Rivieres. Prix: 72 999 $ CAD, negociable."
416,Subaru,Impreza,2010,200481,8780,ESSENCE,MANUELLE,Rouge,Toronto,PARTICULIER,2025-07-11,"Cette Subaru Impreza 2010 (200 481 km) est en excellent etat. Carburant: a essence, transmission manuelle, couleur rouge. Vehicule non accidente, deuxieme proprietaire. Localisation: Toronto. Prix affiche: 8 780 $ CAD, faire une offre."
417,Hyundai,Ioniq,2019,55753,36199,HYBRIDE,AUTOMATIQUE,Blanc,Surrey,CONCESSIONNAIRE,2026-08-18,"Occasion a saisir: Hyundai Ioniq 2019, seulement 55 753 km. Vehicule hybride, faible consommation, transmission automatique, entretien fait chez le concessionnaire. Pneus quatre saisons inclus, parfait pour le climat de Surrey. Prix: 36 199 $."
418,GMC,Sierra,2022,21586,69988,DIESEL,AUTOMATIQUE,Blanc,Montreal,CONCESSIONNAIRE,2026-07-08,"Occasion a saisir: GMC Sierra 2022, seulement 21 586 km. Vehicule diesel, economique en carburant, transmission automatique, entretien fait chez le concessionnaire. Pneus quatre saisons inclus, parfait pour le climat de Montreal. Prix: 69 988 $."
419,Mazda,CX-5,2021,26708,36995,ESSENCE,AUTOMATIQUE,Bleu,Montreal,PARTICULIER,2025-10-18,"A vendre Mazda CX-5 2021, 26 708 km au compteur. A essence avec transmission automatique, tres fiable pour la conduite hivernale canadienne. Couleur bleu, aucun accident rapporte. Disponible a Montreal. Prix demande: 36 995 $."
420,Nissan,LEAF,2019,72603,30595,ELECTRIQUE,AUTOMATIQUE,Blanc,Hamilton,PARTICULIER,2025-07-01,"A vendre Nissan LEAF 2019, 72 603 km au compteur. 100% electrique, zero emission avec transmission automatique, tres fiable pour la conduite hivernale canadienne. Couleur blanc, aucun accident rapporte. Disponible a Hamilton. Prix demande: 30 595 $."
